{
  "task_preservation": {
    "mean": 0.2644230769230769,
    "std": 0.367343909030276,
    "per_query": [
      1.0,
      0.3333333333333333,
      0.0,
      0.0,
      1.0,
      0.3333333333333333,
      0.0,
      0.0,
      0.0,
      0.5,
      0.0,
      0.0,
      0.0,
      0.0,
      0.6666666666666666,
      0.6666666666666666,
      0.0,
      0.0,
      0.6666666666666666,
      0.3333333333333333,
      0.0,
      1.0,
      0.0,
      0.0,
      0.0,
      0.3333333333333333,
      0.0,
      0.0,
      0.0,
      0.0,
      0.6666666666666666,
      0.6666666666666666,
      0.6666666666666666,
      0.0,
      0.0,
      1.0,
      0.0,
      0.0,
      0.3333333333333333,
      0.0,
      0.0,
      0.6666666666666666,
      1.0,
      0.0,
      0.0,
      1.0,
      0.0,
      0.0,
      1.0,
      0.3333333333333333,
      0.0,
      0.0,
      0.0,
      0.0,
      1.0,
      0.0,
      0.0,
      0.0,
      0.0,
      1.0,
      0.5,
      0.0,
      0.5,
      0.3333333333333333,
      0.0,
      1.0,
      0.0,
      1.0,
      0.0,
      0.0,
      0.5,
      0.0,
      0.0,
      0.0,
      0.0,
      0.5,
      0.0,
      0.0,
      1.0,
      0.0,
      0.0,
      0.3333333333333333,
      0.5,
      0.0,
      0.3333333333333333,
      0.0,
      0.0,
      1.0,
      1.0,
      0.0,
      0.3333333333333333,
      0.0,
      0.3333333333333333,
      0.5,
      0.0,
      0.0,
      0.0,
      0.0,
      0.3333333333333333,
      0.3333333333333333,
      1.0,
      0.0,
      0.0,
      0.0
    ],
    "n_queries": 104
  },
  "knowledge_absorption": {
    "exact_match": 0.014840753710188427,
    "mean_f1": 0.10837626337268227,
    "contains": 0.022011005502751375,
    "fact_mean_f1": 0.10068642396135961,
    "fact_worst_f1": 0.06317007466917268,
    "contains_any_phrasing": 0.03133333333333333,
    "contains_all_phrasings": 0.007333333333333333,
    "n_facts": 3000,
    "n_probes": 5997
  },
  "locality": {
    "same_entity": {
      "exact_match": 0.0,
      "contains": 0.0,
      "f1": 0.03415289050022209,
      "n": 182,
      "accuracy": 0.03415289050022209
    },
    "other_sector": {
      "exact_match": 0.007154650522839846,
      "contains": 0.020913593835993397,
      "f1": 0.02926242669829091,
      "n": 1817,
      "accuracy": 0.02926242669829091
    },
    "same_sector": {
      "exact_match": 0.0,
      "contains": 0.0,
      "f1": 0.0,
      "n": 1,
      "accuracy": 0.0
    },
    "overall": {
      "exact_match": 0.0065,
      "contains": 0.019,
      "f1": 0.029692827690917502,
      "n": 2000,
      "accuracy": 0.029692827690917502
    }
  }
}