{
  "task_preservation": {
    "mean": 0.12339743589743589,
    "std": 0.27346618908856346,
    "per_query": [
      0.0,
      0.0,
      0.0,
      0.0,
      1.0,
      0.3333333333333333,
      0.0,
      0.0,
      0.0,
      0.0,
      0.0,
      0.0,
      0.0,
      0.0,
      0.6666666666666666,
      0.3333333333333333,
      0.0,
      0.0,
      0.6666666666666666,
      0.3333333333333333,
      0.0,
      0.0,
      0.0,
      0.0,
      0.0,
      0.3333333333333333,
      0.0,
      0.0,
      0.0,
      0.0,
      0.0,
      0.0,
      0.0,
      0.0,
      0.0,
      1.0,
      0.0,
      0.0,
      0.0,
      0.0,
      0.0,
      0.0,
      0.0,
      0.0,
      0.0,
      0.0,
      0.0,
      0.0,
      0.0,
      0.0,
      0.0,
      0.0,
      0.0,
      0.5,
      0.0,
      0.0,
      0.0,
      0.0,
      0.0,
      1.0,
      0.5,
      0.0,
      0.5,
      0.0,
      0.0,
      0.0,
      0.0,
      0.0,
      0.0,
      0.0,
      0.0,
      0.0,
      0.0,
      0.0,
      0.0,
      0.0,
      0.0,
      0.0,
      1.0,
      0.0,
      0.3333333333333333,
      0.6666666666666666,
      0.5,
      0.0,
      0.3333333333333333,
      0.0,
      0.0,
      0.0,
      1.0,
      0.0,
      0.0,
      1.0,
      0.0,
      0.5,
      0.0,
      0.0,
      0.0,
      0.0,
      0.0,
      0.3333333333333333,
      0.0,
      0.0,
      0.0,
      0.0
    ],
    "n_queries": 104
  },
  "knowledge_absorption": {
    "exact_match": 0.024679006169751543,
    "mean_f1": 0.14194083879593156,
    "contains": 0.03134900783725196,
    "fact_mean_f1": 0.14560898076927242,
    "fact_worst_f1": 0.1117482979632235,
    "contains_any_phrasing": 0.041,
    "contains_all_phrasings": 0.011666666666666667,
    "n_facts": 3000,
    "n_probes": 5997
  },
  "locality": {
    "same_entity": {
      "exact_match": 0.0,
      "contains": 0.0,
      "f1": 0.06064491064491065,
      "n": 182,
      "accuracy": 0.06064491064491065
    },
    "other_sector": {
      "exact_match": 0.012107870115575124,
      "contains": 0.020913593835993397,
      "f1": 0.05830305150810966,
      "n": 1817,
      "accuracy": 0.05830305150810966
    },
    "same_sector": {
      "exact_match": 0.0,
      "contains": 0.0,
      "f1": 0.4,
      "n": 1,
      "accuracy": 0.4
    },
    "overall": {
      "exact_match": 0.011,
      "contains": 0.019,
      "f1": 0.058687009163804496,
      "n": 2000,
      "accuracy": 0.058687009163804496
    }
  }
}