{
  "task_preservation": {
    "mean": 0.22435897435897434,
    "std": 0.3371331741616591,
    "per_query": [
      0.0,
      0.6666666666666666,
      0.0,
      0.0,
      0.0,
      0.3333333333333333,
      0.0,
      0.0,
      0.0,
      0.5,
      0.0,
      0.0,
      0.5,
      0.0,
      1.0,
      0.3333333333333333,
      0.0,
      0.0,
      0.6666666666666666,
      0.3333333333333333,
      0.0,
      1.0,
      0.0,
      0.0,
      0.0,
      0.3333333333333333,
      0.0,
      0.0,
      0.0,
      0.0,
      0.3333333333333333,
      0.6666666666666666,
      0.3333333333333333,
      0.0,
      0.0,
      1.0,
      0.0,
      0.0,
      0.0,
      0.0,
      0.0,
      0.0,
      1.0,
      0.0,
      0.0,
      1.0,
      0.0,
      0.0,
      1.0,
      0.3333333333333333,
      0.0,
      0.0,
      0.0,
      0.5,
      0.5,
      0.0,
      0.0,
      0.0,
      0.0,
      0.0,
      0.5,
      0.0,
      0.5,
      0.3333333333333333,
      0.0,
      1.0,
      0.0,
      1.0,
      0.0,
      0.0,
      0.5,
      0.0,
      0.0,
      0.0,
      0.0,
      0.5,
      0.0,
      0.0,
      1.0,
      0.0,
      0.3333333333333333,
      0.6666666666666666,
      0.5,
      0.0,
      0.3333333333333333,
      0.0,
      0.0,
      0.0,
      1.0,
      0.0,
      0.3333333333333333,
      0.0,
      0.3333333333333333,
      0.5,
      0.0,
      0.0,
      0.0,
      0.0,
      0.0,
      0.6666666666666666,
      1.0,
      0.0,
      0.0,
      0.0
    ],
    "n_queries": 104
  },
  "knowledge_absorption": {
    "exact_match": 0.01485148514851485,
    "mean_f1": 0.11445535989073995,
    "contains": 0.019801980198019802,
    "fact_mean_f1": 0.10470330683277455,
    "fact_worst_f1": 0.06723480866427638,
    "contains_any_phrasing": 0.025,
    "contains_all_phrasings": 0.0,
    "n_facts": 200,
    "n_probes": 404
  },
  "locality": {
    "same_entity": {
      "exact_match": 0.005494505494505495,
      "contains": 0.01098901098901099,
      "f1": 0.06122301367765543,
      "n": 182,
      "accuracy": 0.06122301367765543
    },
    "other_sector": {
      "exact_match": 0.008805723720418272,
      "contains": 0.026967528893780957,
      "f1": 0.04716481690123367,
      "n": 1817,
      "accuracy": 0.04716481690123367
    },
    "same_sector": {
      "exact_match": 0.0,
      "contains": 0.0,
      "f1": 0.0,
      "n": 1,
      "accuracy": 0.0
    },
    "overall": {
      "exact_match": 0.0085,
      "contains": 0.0255,
      "f1": 0.04842053039943743,
      "n": 2000,
      "accuracy": 0.04842053039943743
    }
  }
}