{
  "compositional": {
    "exact_match": 0.014,
    "contains_final_answer": 0.016,
    "contains_bridging_entity": 0.024,
    "token_f1": 0.0833976510422363,
    "n_probes": 500
  },
  "task_preservation": {
    "mean": 0.2435897435897436,
    "std": 0.3443089487691227,
    "per_query": [
      1.0,
      0.3333333333333333,
      0.0,
      0.3333333333333333,
      1.0,
      0.3333333333333333,
      0.0,
      0.3333333333333333,
      0.0,
      0.5,
      0.0,
      0.0,
      0.0,
      0.0,
      0.6666666666666666,
      0.3333333333333333,
      0.0,
      0.0,
      0.6666666666666666,
      0.6666666666666666,
      0.0,
      1.0,
      0.0,
      0.0,
      0.0,
      0.3333333333333333,
      0.0,
      0.0,
      0.0,
      0.0,
      0.3333333333333333,
      0.3333333333333333,
      0.3333333333333333,
      0.0,
      0.0,
      1.0,
      0.0,
      0.0,
      0.3333333333333333,
      0.0,
      0.0,
      0.0,
      1.0,
      0.0,
      0.0,
      1.0,
      0.0,
      0.0,
      1.0,
      0.3333333333333333,
      0.0,
      1.0,
      0.0,
      0.5,
      0.0,
      0.0,
      0.3333333333333333,
      0.0,
      0.0,
      0.0,
      0.0,
      0.0,
      0.5,
      0.3333333333333333,
      0.0,
      1.0,
      0.0,
      1.0,
      0.0,
      0.0,
      0.5,
      0.0,
      0.0,
      0.0,
      0.0,
      0.5,
      1.0,
      0.0,
      0.0,
      0.0,
      0.3333333333333333,
      0.6666666666666666,
      0.0,
      0.0,
      0.3333333333333333,
      0.0,
      0.3333333333333333,
      0.0,
      1.0,
      0.0,
      0.3333333333333333,
      0.0,
      0.3333333333333333,
      0.5,
      0.0,
      0.0,
      0.0,
      0.0,
      0.0,
      0.3333333333333333,
      1.0,
      0.3333333333333333,
      0.0,
      0.0
    ],
    "n_queries": 104
  },
  "knowledge_absorption": {
    "exact_match": 0.03217821782178218,
    "mean_f1": 0.13420363165922275,
    "contains": 0.04455445544554455,
    "fact_mean_f1": 0.13741456827486237,
    "fact_worst_f1": 0.09807401993431406,
    "contains_any_phrasing": 0.07,
    "contains_all_phrasings": 0.01,
    "n_facts": 200,
    "n_probes": 404
  },
  "locality": {
    "same_entity": {
      "exact_match": 0.0,
      "contains": 0.0,
      "f1": 0.04797133900582176,
      "n": 182,
      "accuracy": 0.04797133900582176
    },
    "other_sector": {
      "exact_match": 0.012658227848101266,
      "contains": 0.02201430930104568,
      "f1": 0.05150247824777459,
      "n": 1817,
      "accuracy": 0.05150247824777459
    },
    "same_sector": {
      "exact_match": 0.0,
      "contains": 0.0,
      "f1": 0.4,
      "n": 1,
      "accuracy": 0.4
    },
    "overall": {
      "exact_match": 0.0115,
      "contains": 0.02,
      "f1": 0.051355393337633,
      "n": 2000,
      "accuracy": 0.051355393337633
    }
  }
}