{
  "task_preservation": {
    "mean": 0.22916666666666666,
    "std": 0.343737859148459,
    "per_query": [
      0.0,
      0.3333333333333333,
      0.0,
      0.0,
      1.0,
      0.3333333333333333,
      0.0,
      0.3333333333333333,
      0.0,
      0.5,
      0.0,
      0.0,
      0.5,
      0.0,
      0.6666666666666666,
      0.6666666666666666,
      0.0,
      0.0,
      0.6666666666666666,
      0.6666666666666666,
      0.0,
      1.0,
      0.0,
      0.0,
      0.0,
      0.3333333333333333,
      0.0,
      0.0,
      0.0,
      0.0,
      1.0,
      0.0,
      0.3333333333333333,
      0.0,
      0.0,
      0.5,
      0.0,
      0.0,
      0.0,
      0.5,
      0.0,
      0.0,
      1.0,
      0.0,
      0.0,
      1.0,
      0.0,
      0.0,
      1.0,
      0.3333333333333333,
      0.5,
      0.0,
      0.0,
      0.0,
      0.5,
      0.5,
      0.0,
      0.0,
      0.0,
      0.0,
      0.0,
      0.0,
      0.0,
      0.3333333333333333,
      0.0,
      0.0,
      0.0,
      1.0,
      0.0,
      0.0,
      0.5,
      0.0,
      0.0,
      0.0,
      0.0,
      0.5,
      0.0,
      0.0,
      1.0,
      0.0,
      0.3333333333333333,
      0.0,
      0.0,
      0.0,
      0.0,
      0.0,
      0.3333333333333333,
      0.0,
      1.0,
      1.0,
      0.0,
      0.0,
      0.3333333333333333,
      0.5,
      0.0,
      0.0,
      0.3333333333333333,
      0.0,
      0.0,
      1.0,
      1.0,
      0.0,
      0.0,
      0.5
    ],
    "n_queries": 104
  },
  "knowledge_absorption": {
    "exact_match": 0.2278177458033573,
    "mean_f1": 0.3651706340555262,
    "contains": 0.23501199040767387,
    "fact_mean_f1": 0.45079578523328523,
    "fact_worst_f1": 0.362444264069264,
    "contains_any_phrasing": 0.37,
    "contains_all_phrasings": 0.215,
    "n_facts": 200,
    "n_probes": 417
  },
  "locality": {
    "same_entity": {
      "exact_match": 0.005494505494505495,
      "contains": 0.01098901098901099,
      "f1": 0.0758628733903459,
      "n": 182,
      "accuracy": 0.0758628733903459
    },
    "other_sector": {
      "exact_match": 0.015960374243258118,
      "contains": 0.02146395156851954,
      "f1": 0.08462217232544232,
      "n": 1817,
      "accuracy": 0.08462217232544232
    },
    "same_sector": {
      "exact_match": 0.0,
      "contains": 0.0,
      "f1": 0.0,
      "n": 1,
      "accuracy": 0.0
    },
    "overall": {
      "exact_match": 0.015,
      "contains": 0.0205,
      "f1": 0.08378276503618584,
      "n": 2000,
      "accuracy": 0.08378276503618584
    }
  }
}