{
  "n_rounds": 10,
  "per_round": 200,
  "methods": {
    "naive_sft": [
      {
        "round": 1,
        "run_id": "seq_naive_sft_round_1_qd_scale200",
        "preservation_recall_at_10": 0.21955128205128205,
        "preservation_std": 0.3437976253542352,
        "abs_exact_match": 0.0,
        "abs_mean_f1": 0.05808540283088564,
        "abs_contains": 0.012658227848101266,
        "abs_fact_worst_f1": 0.03711270860044636,
        "loc_same_entity_f1": 0.021711387276088834,
        "loc_same_entity_acc": 0.021711387276088834,
        "loc_other_sector_f1": 0.023556601072647333,
        "loc_other_sector_acc": 0.023556601072647333,
        "loc_same_sector_f1": 0.0,
        "loc_same_sector_acc": 0.0,
        "loc_overall_f1": 0.023376908316624187,
        "loc_overall_acc": 0.023376908316624187
      },
      {
        "round": 2,
        "run_id": "seq_naive_sft_round_2_qd_scale200",
        "preservation_recall_at_10": 0.23397435897435898,
        "preservation_std": 0.3546992456971023,
        "abs_exact_match": 0.023017902813299233,
        "abs_mean_f1": 0.06997324743060959,
        "abs_contains": 0.03836317135549872,
        "abs_fact_worst_f1": 0.045709010318069454,
        "loc_same_entity_f1": 0.023049282508939267,
        "loc_same_entity_acc": 0.023049282508939267,
        "loc_other_sector_f1": 0.025660159528366307,
        "loc_other_sector_acc": 0.025660159528366307,
        "loc_same_sector_f1": 0.0,
        "loc_same_sector_acc": 0.0,
        "loc_overall_f1": 0.025409739639834263,
        "loc_overall_acc": 0.025409739639834263
      },
      {
        "round": 3,
        "run_id": "seq_naive_sft_round_3_qd_scale200",
        "preservation_recall_at_10": 0.21955128205128205,
        "preservation_std": 0.3335451435034943,
        "abs_exact_match": 0.005405405405405406,
        "abs_mean_f1": 0.04968398768073376,
        "abs_contains": 0.024324324324324326,
        "abs_fact_worst_f1": 0.029032794750536578,
        "loc_same_entity_f1": 0.024086358492695928,
        "loc_same_entity_acc": 0.024086358492695928,
        "loc_other_sector_f1": 0.029896550153730408,
        "loc_other_sector_acc": 0.029896550153730408,
        "loc_same_sector_f1": 0.0,
        "loc_same_sector_acc": 0.0,
        "loc_overall_f1": 0.029352874437499406,
        "loc_overall_acc": 0.029352874437499406
      },
      {
        "round": 4,
        "run_id": "seq_naive_sft_round_4_qd_scale200",
        "preservation_recall_at_10": 0.21634615384615385,
        "preservation_std": 0.33722076743504487,
        "abs_exact_match": 0.0049504950495049506,
        "abs_mean_f1": 0.08125904644965991,
        "abs_contains": 0.017326732673267328,
        "abs_fact_worst_f1": 0.048447044333170514,
        "loc_same_entity_f1": 0.026930833676545567,
        "loc_same_entity_acc": 0.026930833676545567,
        "loc_other_sector_f1": 0.03336169600464995,
        "loc_other_sector_acc": 0.03336169600464995,
        "loc_same_sector_f1": 0.0,
        "loc_same_sector_acc": 0.0,
        "loc_overall_f1": 0.03275980668479013,
        "loc_overall_acc": 0.03275980668479013
      },
      {
        "round": 5,
        "run_id": "seq_naive_sft_round_5_qd_scale200",
        "preservation_recall_at_10": 0.1955128205128205,
        "preservation_std": 0.31218343597776343,
        "abs_exact_match": 0.009685230024213076,
        "abs_mean_f1": 0.0646538983514069,
        "abs_contains": 0.01937046004842615,
        "abs_fact_worst_f1": 0.046477892688247875,
        "loc_same_entity_f1": 0.02417194584119422,
        "loc_same_entity_acc": 0.02417194584119422,
        "loc_other_sector_f1": 0.03365216774865076,
        "loc_other_sector_acc": 0.03365216774865076,
        "loc_same_sector_f1": 0.15384615384615385,
        "loc_same_sector_acc": 0.15384615384615385,
        "loc_overall_f1": 0.03284956454812098,
        "loc_overall_acc": 0.03284956454812098
      },
      {
        "round": 6,
        "run_id": "seq_naive_sft_round_6_qd_scale200",
        "preservation_recall_at_10": 0.21634615384615385,
        "preservation_std": 0.33722076743504487,
        "abs_exact_match": 0.016129032258064516,
        "abs_mean_f1": 0.09796285239479582,
        "abs_contains": 0.02956989247311828,
        "abs_fact_worst_f1": 0.07132778857120337,
        "loc_same_entity_f1": 0.0324280597390369,
        "loc_same_entity_acc": 0.0324280597390369,
        "loc_other_sector_f1": 0.034423393356958876,
        "loc_other_sector_acc": 0.034423393356958876,
        "loc_same_sector_f1": 0.0,
        "loc_same_sector_acc": 0.0,
        "loc_overall_f1": 0.03422460630104949,
        "loc_overall_acc": 0.03422460630104949
      },
      {
        "round": 7,
        "run_id": "seq_naive_sft_round_7_qd_scale200",
        "preservation_recall_at_10": 0.18589743589743588,
        "preservation_std": 0.31631871260193145,
        "abs_exact_match": 0.014742014742014743,
        "abs_mean_f1": 0.0877465835915246,
        "abs_contains": 0.03194103194103194,
        "abs_fact_worst_f1": 0.05233812611942322,
        "loc_same_entity_f1": 0.033950354408767404,
        "loc_same_entity_acc": 0.033950354408767404,
        "loc_other_sector_f1": 0.034124195053189185,
        "loc_other_sector_acc": 0.034124195053189185,
        "loc_same_sector_f1": 0.0,
        "loc_same_sector_acc": 0.0,
        "loc_overall_f1": 0.034091313457020204,
        "loc_overall_acc": 0.034091313457020204
      },
      {
        "round": 8,
        "run_id": "seq_naive_sft_round_8_qd_scale200",
        "preservation_recall_at_10": 0.21153846153846154,
        "preservation_std": 0.32704874407241274,
        "abs_exact_match": 0.04556962025316456,
        "abs_mean_f1": 0.07891072344554166,
        "abs_contains": 0.05063291139240506,
        "abs_fact_worst_f1": 0.05674245169871768,
        "loc_same_entity_f1": 0.03547786598981237,
        "loc_same_entity_acc": 0.03547786598981237,
        "loc_other_sector_f1": 0.03578121236933945,
        "loc_other_sector_acc": 0.03578121236933945,
        "loc_same_sector_f1": 0.0,
        "loc_same_sector_acc": 0.0,
        "loc_overall_f1": 0.035735717242617815,
        "loc_overall_acc": 0.035735717242617815
      },
      {
        "round": 9,
        "run_id": "seq_naive_sft_round_9_qd_scale200",
        "preservation_recall_at_10": 0.19230769230769232,
        "preservation_std": 0.32338457065716514,
        "abs_exact_match": 0.010126582278481013,
        "abs_mean_f1": 0.08000043794992884,
        "abs_contains": 0.012658227848101266,
        "abs_fact_worst_f1": 0.060625569924498725,
        "loc_same_entity_f1": 0.03605380922914485,
        "loc_same_entity_acc": 0.03605380922914485,
        "loc_other_sector_f1": 0.03849443301500051,
        "loc_other_sector_acc": 0.03849443301500051,
        "loc_same_sector_f1": 0.0,
        "loc_same_sector_acc": 0.0,
        "loc_overall_f1": 0.03825308903398015,
        "loc_overall_acc": 0.03825308903398015
      },
      {
        "round": 10,
        "run_id": "seq_naive_sft_round_10_qd_scale200",
        "preservation_recall_at_10": 0.203525641025641,
        "preservation_std": 0.3308858309193997,
        "abs_exact_match": 0.022277227722772276,
        "abs_mean_f1": 0.1003894636332852,
        "abs_contains": 0.0297029702970297,
        "abs_fact_worst_f1": 0.04438702412638583,
        "loc_same_entity_f1": 0.03308229095150412,
        "loc_same_entity_acc": 0.03308229095150412,
        "loc_other_sector_f1": 0.037424480099189056,
        "loc_other_sector_acc": 0.037424480099189056,
        "loc_same_sector_f1": 0.0,
        "loc_same_sector_acc": 0.0,
        "loc_overall_f1": 0.03701062864670013,
        "loc_overall_acc": 0.03701062864670013
      }
    ],
    "kl_reg_sft": [
      {
        "round": 1,
        "run_id": "seq_kl_reg_sft_round_1_qd_scale200",
        "preservation_recall_at_10": 0.18589743589743588,
        "preservation_std": 0.31035175479256927,
        "abs_exact_match": 0.007594936708860759,