{
  "n_rounds": 5,
  "per_round": 200,
  "methods": {
    "naive_sft": [
      {
        "round": 1,
        "run_id": "seq_naive_sft_round_1_qd_scale200",
        "preservation_recall_at_10": 0.21634615384615385,
        "preservation_std": 0.3442753814857707,
        "abs_exact_match": 0.005063291139240506,
        "abs_mean_f1": 0.06363965736505238,
        "abs_contains": 0.017721518987341773,
        "abs_fact_worst_f1": 0.04033663947396535,
        "loc_same_entity_f1": 0.022372228912541915,
        "loc_same_entity_acc": 0.022372228912541915,
        "loc_other_sector_f1": 0.023112977283505927,
        "loc_other_sector_acc": 0.023112977283505927,
        "loc_same_sector_f1": 0.0,
        "loc_same_sector_acc": 0.0,
        "loc_overall_f1": 0.023034012693106447,
        "loc_overall_acc": 0.023034012693106447
      },
      {
        "round": 2,
        "run_id": "seq_naive_sft_round_2_qd_scale200",
        "preservation_recall_at_10": 0.1987179487179487,
        "preservation_std": 0.33974358974358976,
        "abs_exact_match": 0.023017902813299233,
        "abs_mean_f1": 0.06995064042432318,
        "abs_contains": 0.03836317135549872,
        "abs_fact_worst_f1": 0.04597527113711943,
        "loc_same_entity_f1": 0.023566858716384646,
        "loc_same_entity_acc": 0.023566858716384646,
        "loc_other_sector_f1": 0.025586521841080744,
        "loc_other_sector_acc": 0.025586521841080744,
        "loc_same_sector_f1": 0.0,
        "loc_same_sector_acc": 0.0,
        "loc_overall_f1": 0.025389939235812863,
        "loc_overall_acc": 0.025389939235812863
      },
      {
        "round": 3,
        "run_id": "seq_naive_sft_round_3_qd_scale200",
        "preservation_recall_at_10": 0.22596153846153846,
        "preservation_std": 0.33883147396822405,
        "abs_exact_match": 0.008108108108108109,
        "abs_mean_f1": 0.047887389487229905,
        "abs_contains": 0.02702702702702703,
        "abs_fact_worst_f1": 0.02377926353115096,
        "loc_same_entity_f1": 0.024327548270583033,
        "loc_same_entity_acc": 0.024327548270583033,
        "loc_other_sector_f1": 0.02989050379177739,
        "loc_other_sector_acc": 0.02989050379177739,
        "loc_same_sector_f1": 0.0,
        "loc_same_sector_acc": 0.0,
        "loc_overall_f1": 0.029369329587452815,
        "loc_overall_acc": 0.029369329587452815
      },
      {
        "round": 4,
        "run_id": "seq_naive_sft_round_4_qd_scale200",
        "preservation_recall_at_10": 0.22596153846153846,
        "preservation_std": 0.33883147396822405,
        "abs_exact_match": 0.0049504950495049506,
        "abs_mean_f1": 0.0783935590182911,
        "abs_contains": 0.017326732673267328,
        "abs_fact_worst_f1": 0.04770637876942459,
        "loc_same_entity_f1": 0.025998850974988604,
        "loc_same_entity_acc": 0.025998850974988604,
        "loc_other_sector_f1": 0.03411825582022608,
        "loc_other_sector_acc": 0.03411825582022608,
        "loc_same_sector_f1": 0.0,
        "loc_same_sector_acc": 0.0,
        "loc_overall_f1": 0.033362330851399356,
        "loc_overall_acc": 0.033362330851399356
      },
      {
        "round": 5,
        "run_id": "seq_naive_sft_round_5_qd_scale200",
        "preservation_recall_at_10": 0.2131410256410256,
        "preservation_std": 0.32146892650777176,
        "abs_exact_match": 0.009685230024213076,
        "abs_mean_f1": 0.06397349987349972,
        "abs_contains": 0.01937046004842615,
        "abs_fact_worst_f1": 0.04602118077968053,
        "loc_same_entity_f1": 0.021033648238496728,
        "loc_same_entity_acc": 0.021033648238496728,
        "loc_other_sector_f1": 0.033604689773993036,
        "loc_other_sector_acc": 0.033604689773993036,
        "loc_same_sector_f1": 0.0,
        "loc_same_sector_acc": 0.0,
        "loc_overall_f1": 0.03244392264937587,
        "loc_overall_acc": 0.03244392264937587
      }
    ],
    "dsae_lite": [
      {
        "round": 1,
        "run_id": "seq_dsae_lite_round_1_qd_scale200",
        "preservation_recall_at_10": 0.27564102564102566,
        "preservation_std": 0.34881456052340487,
        "abs_exact_match": 0.06835443037974684,
        "abs_mean_f1": 0.18437847776621927,
        "abs_contains": 0.08354430379746836,
        "abs_fact_worst_f1": 0.1677308269216164,
        "loc_same_entity_f1": 0.07403192046049188,
        "loc_same_entity_acc": 0.07403192046049188,
        "loc_other_sector_f1": 0.06765198848739172,
        "loc_other_sector_acc": 0.06765198848739172,
        "loc_same_sector_f1": 0.0,
        "loc_same_sector_acc": 0.0,
        "loc_overall_f1": 0.06819873630270014,
        "loc_overall_acc": 0.06819873630270014
      },
      {
        "round": 2,
        "run_id": "seq_dsae_lite_round_2_qd_scale200",
        "preservation_recall_at_10": 0.20833333333333331,
        "preservation_std": 0.3133002573922519,
        "abs_exact_match": 0.15601023017902813,
        "abs_mean_f1": 0.28764671214648657,
        "abs_contains": 0.1585677749360614,
        "abs_fact_worst_f1": 0.29121836986542854,
        "loc_same_entity_f1": 0.07447168216398986,
        "loc_same_entity_acc": 0.07447168216398986,
        "loc_other_sector_f1": 0.06562085599338795,
        "loc_other_sector_acc": 0.06562085599338795,
        "loc_same_sector_f1": 0.0,
        "loc_same_sector_acc": 0.0,
        "loc_overall_f1": 0.06639347074691603,
        "loc_overall_acc": 0.06639347074691603
      },
      {
        "round": 3,
        "run_id": "seq_dsae_lite_round_3_qd_scale200",
        "preservation_recall_at_10": 0.26282051282051283,
        "preservation_std": 0.3290528914797589,
        "abs_exact_match": 0.14054054054054055,
        "abs_mean_f1": 0.3047555672555673,
        "abs_contains": 0.15405405405405406,
        "abs_fact_worst_f1": 0.266562950937951,
        "loc_same_entity_f1": 0.055485784057212634,
        "loc_same_entity_acc": 0.055485784057212634,
        "loc_other_sector_f1": 0.08611866702362111,
        "loc_other_sector_acc": 0.08611866702362111,
        "loc_same_sector_f1": 0.0,
        "loc_same_sector_acc": 0.0,
        "loc_overall_f1": 0.08328801534016612,
        "loc_overall_acc": 0.08328801534016612
      },
      {
        "round": 4,
        "run_id": "seq_dsae_lite_round_4_qd_scale200",
        "preservation_recall_at_10": 0.2724358974358974,
        "preservation_std": 0.33656898518475703,
        "abs_exact_match": 0.15346534653465346,
        "abs_mean_f1": 0.3102142951394997,
        "abs_contains": 0.15346534653465346,
        "abs_fact_worst_f1": 0.2995614476103607,
        "loc_same_entity_f1": 0.047570805263112956,
        "loc_same_entity_acc": 0.047570805263112956,
        "loc_other_sector_f1": 0.0701423403516464,
        "loc_other_sector_acc": 0.0701423403516464,
        "loc_same_sector_f1": 0.0,
        "loc_same_sector_acc": 0.0,
        "loc_overall_f1": 0.06805325948841404,
        "loc_overall_acc": 0.06805325948841404
      },
      {
        "round": 5,
        "run_id": "seq_dsae_lite_round_5_qd_scale200",
        "preservation_recall_at_10": 0.23878205128205127,
        "preservation_std": 0.33871017843724277,
        "abs_exact_match": 0.1864406779661017,
        "abs_mean_f1": 0.30005354478720103,
        "abs_contains": 0.1937046004842615,
        "abs_fact_worst_f1": 0.2593010461760461,
        "loc_same_entity_f1": 0.06782443746729462,
        "loc_same_entity_acc": 0.06782443746729462,
        "loc_other_sector_f1": 0.07461202978747983,
        "loc_other_sector_acc": 0.07461202978747983,
        "loc_same_sector_f1": 0.0,
        "loc_same_sector_acc": 0.0,
        "loc_overall_f1": 0.07395705287144924,
        "loc_overall_acc": 0.07395705287144924
      }
    ]
  }
}