{
  "task_preservation": {
    "mean": 0.22275641025641024,
    "std": 0.3080218254240129,
    "per_query": [
      1.0,
      0.3333333333333333,
      0.0,
      0.3333333333333333,
      1.0,
      0.0,
      0.0,
      0.0,
      0.0,
      0.5,
      0.0,
      0.0,
      0.5,
      0.0,
      0.6666666666666666,
      0.6666666666666666,
      0.0,
      0.0,
      0.6666666666666666,
      0.6666666666666666,
      0.0,
      0.0,
      0.0,
      0.0,
      0.0,
      0.3333333333333333,
      0.0,
      0.0,
      0.0,
      0.0,
      0.3333333333333333,
      0.3333333333333333,
      0.3333333333333333,
      0.0,
      0.0,
      0.5,
      0.0,
      0.0,
      0.3333333333333333,
      0.0,
      0.3333333333333333,
      0.6666666666666666,
      0.5,
      0.0,
      0.6666666666666666,
      1.0,
      0.0,
      0.0,
      0.0,
      0.3333333333333333,
      0.5,
      0.5,
      0.0,
      0.0,
      0.5,
      0.0,
      0.0,
      0.0,
      0.0,
      0.0,
      0.5,
      0.0,
      0.0,
      0.3333333333333333,
      0.0,
      0.0,
      0.0,
      1.0,
      0.5,
      0.0,
      0.5,
      0.0,
      0.0,
      0.0,
      0.0,
      0.5,
      1.0,
      0.0,
      1.0,
      0.0,
      0.0,
      0.3333333333333333,
      0.0,
      0.0,
      0.3333333333333333,
      0.0,
      0.0,
      0.0,
      0.0,
      0.0,
      0.3333333333333333,
      0.0,
      0.3333333333333333,
      0.5,
      0.0,
      0.0,
      0.3333333333333333,
      0.0,
      0.0,
      0.6666666666666666,
      1.0,
      0.0,
      0.0,
      0.5
    ],
    "n_queries": 104
  },
  "knowledge_absorption": {
    "exact_match": 0.03494623655913978,
    "mean_f1": 0.1599173904888975,
    "contains": 0.043010752688172046,
    "fact_mean_f1": 0.16134713996014294,
    "fact_worst_f1": 0.13011301297601602,
    "contains_any_phrasing": 0.05,
    "contains_all_phrasings": 0.025,
    "n_facts": 200,
    "n_probes": 372
  },
  "locality": {
    "same_entity": {
      "exact_match": 0.01098901098901099,
      "contains": 0.01098901098901099,
      "f1": 0.07490842490842492,
      "n": 182,
      "accuracy": 0.07490842490842492
    },
    "other_sector": {
      "exact_match": 0.0170610897083104,
      "contains": 0.02806824435883324,
      "f1": 0.07533052498547627,
      "n": 1817,
      "accuracy": 0.07533052498547627
    },
    "same_sector": {
      "exact_match": 0.0,
      "contains": 0.0,
      "f1": 0.0,
      "n": 1,
      "accuracy": 0.0
    },
    "overall": {
      "exact_match": 0.0165,
      "contains": 0.0265,
      "f1": 0.07525444861597186,
      "n": 2000,
      "accuracy": 0.07525444861597186
    }
  }
}