{
  "task_preservation": {
    "mean": 0.2516025641025641,
    "std": 0.33091687596259606,
    "per_query": [
      0.0,
      0.3333333333333333,
      0.0,
      0.3333333333333333,
      1.0,
      0.0,
      0.5,
      0.0,
      0.0,
      0.5,
      0.0,
      0.0,
      0.5,
      0.0,
      0.6666666666666666,
      0.6666666666666666,
      0.0,
      0.0,
      0.6666666666666666,
      0.6666666666666666,
      0.0,
      1.0,
      0.0,
      0.0,
      0.0,
      0.3333333333333333,
      0.0,
      0.0,
      0.0,
      0.3333333333333333,
      0.6666666666666666,
      0.3333333333333333,
      0.3333333333333333,
      0.0,
      0.0,
      0.5,
      0.0,
      0.0,
      0.0,
      0.0,
      0.3333333333333333,
      0.0,
      0.0,
      0.0,
      0.0,
      1.0,
      0.0,
      0.0,
      1.0,
      0.3333333333333333,
      0.5,
      0.5,
      0.3333333333333333,
      0.5,
      0.5,
      0.0,
      0.0,
      0.0,
      0.0,
      0.0,
      0.5,
      0.0,
      0.0,
      0.3333333333333333,
      0.0,
      1.0,
      0.0,
      1.0,
      0.5,
      0.0,
      0.5,
      0.0,
      0.0,
      0.0,
      0.0,
      0.5,
      1.0,
      0.0,
      1.0,
      0.0,
      0.3333333333333333,
      0.3333333333333333,
      0.0,
      0.0,
      0.6666666666666666,
      0.0,
      0.0,
      0.0,
      0.5,
      0.0,
      0.3333333333333333,
      0.0,
      0.3333333333333333,
      0.5,
      0.0,
      0.0,
      0.0,
      0.0,
      0.0,
      1.0,
      1.0,
      0.0,
      0.0,
      0.5
    ],
    "n_queries": 104
  },
  "knowledge_absorption": {
    "exact_match": 0.25609756097560976,
    "mean_f1": 0.36254512425244134,
    "contains": 0.2707317073170732,
    "fact_mean_f1": 0.4324954351204351,
    "fact_worst_f1": 0.31786843711843715,
    "contains_any_phrasing": 0.375,
    "contains_all_phrasings": 0.21,
    "n_facts": 200,
    "n_probes": 410
  },
  "locality": {
    "same_entity": {
      "exact_match": 0.0,
      "contains": 0.0,
      "f1": 0.06835862550148264,
      "n": 182,
      "accuracy": 0.06835862550148264
    },
    "other_sector": {
      "exact_match": 0.014309301045679693,
      "contains": 0.020363236103467255,
      "f1": 0.080860935745846,
      "n": 1817,
      "accuracy": 0.080860935745846
    },
    "same_sector": {
      "exact_match": 0.0,
      "contains": 0.0,
      "f1": 0.0,
      "n": 1,
      "accuracy": 0.0
    },
    "overall": {
      "exact_match": 0.013,
      "contains": 0.0185,
      "f1": 0.07968279504573601,
      "n": 2000,
      "accuracy": 0.07968279504573601
    }
  }
}