{
  "task_preservation": {
    "mean": 0.21794871794871792,
    "std": 0.33259286592494475,
    "per_query": [
      0.0,
      0.3333333333333333,
      0.0,
      0.3333333333333333,
      1.0,
      0.3333333333333333,
      0.0,
      0.0,
      0.0,
      0.5,
      0.0,
      0.0,
      0.0,
      0.0,
      0.3333333333333333,
      0.3333333333333333,
      0.0,
      0.0,
      0.6666666666666666,
      0.6666666666666666,
      0.0,
      1.0,
      0.0,
      0.0,
      0.0,
      0.3333333333333333,
      0.0,
      0.0,
      0.0,
      0.0,
      0.6666666666666666,
      0.3333333333333333,
      0.3333333333333333,
      0.3333333333333333,
      0.0,
      1.0,
      0.0,
      0.0,
      0.3333333333333333,
      0.0,
      0.0,
      0.0,
      1.0,
      0.0,
      0.0,
      1.0,
      0.0,
      0.0,
      1.0,
      0.3333333333333333,
      0.5,
      0.0,
      0.0,
      0.5,
      0.5,
      0.0,
      0.0,
      0.0,
      0.0,
      1.0,
      0.0,
      0.0,
      0.0,
      0.3333333333333333,
      0.0,
      0.0,
      0.0,
      1.0,
      0.0,
      0.0,
      0.5,
      0.0,
      0.0,
      0.0,
      0.0,
      0.5,
      0.0,
      0.0,
      0.0,
      0.0,
      0.3333333333333333,
      0.6666666666666666,
      0.5,
      0.0,
      0.0,
      0.0,
      0.0,
      0.0,
      1.0,
      1.0,
      0.0,
      0.0,
      0.3333333333333333,
      0.5,
      0.0,
      0.0,
      0.0,
      0.0,
      0.0,
      0.3333333333333333,
      1.0,
      0.0,
      0.0,
      0.0
    ],
    "n_queries": 104
  },
  "knowledge_absorption": {
    "exact_match": 0.011990407673860911,
    "mean_f1": 0.08612227834318441,
    "contains": 0.02877697841726619,
    "fact_mean_f1": 0.08279159869718786,
    "fact_worst_f1": 0.059926671957261125,
    "contains_any_phrasing": 0.03,
    "contains_all_phrasings": 0.02,
    "n_facts": 200,
    "n_probes": 417
  },
  "locality": {
    "same_entity": {
      "exact_match": 0.0,
      "contains": 0.0,
      "f1": 0.03017551276101213,
      "n": 182,
      "accuracy": 0.03017551276101213
    },
    "other_sector": {
      "exact_match": 0.0049532195927352776,
      "contains": 0.020913593835993397,
      "f1": 0.029295352282665416,
      "n": 1817,
      "accuracy": 0.029295352282665416
    },
    "same_sector": {
      "exact_match": 0.0,
      "contains": 0.0,
      "f1": 0.0,
      "n": 1,
      "accuracy": 0.0
    },
    "overall": {
      "exact_match": 0.0045,
      "contains": 0.019,
      "f1": 0.02936079921005363,
      "n": 2000,
      "accuracy": 0.02936079921005363
    }
  }
}