{
  "compositional": {
    "exact_match": 0.004,
    "contains_final_answer": 0.01,
    "contains_bridging_entity": 0.014,
    "token_f1": 0.024597410006285576,
    "n_probes": 500
  },
  "task_preservation": {
    "mean": 0.23878205128205127,
    "std": 0.3578816645648247,
    "per_query": [
      1.0,
      0.6666666666666666,
      0.0,
      0.3333333333333333,
      1.0,
      0.3333333333333333,
      0.0,
      0.0,
      0.0,
      0.5,
      0.0,
      0.0,
      0.0,
      0.0,
      0.0,
      0.0,
      0.0,
      0.0,
      0.6666666666666666,
      0.3333333333333333,
      0.0,
      1.0,
      0.0,
      0.0,
      0.0,
      0.3333333333333333,
      0.0,
      0.0,
      0.0,
      0.0,
      0.6666666666666666,
      0.0,
      0.3333333333333333,
      0.0,
      0.0,
      1.0,
      0.0,
      1.0,
      0.0,
      0.0,
      0.0,
      0.0,
      1.0,
      0.0,
      0.0,
      1.0,
      0.0,
      0.0,
      1.0,
      0.3333333333333333,
      0.0,
      0.0,
      0.0,
      0.5,
      0.5,
      0.0,
      0.3333333333333333,
      0.0,
      0.0,
      0.0,
      0.5,
      0.0,
      0.5,
      0.3333333333333333,
      0.0,
      1.0,
      0.0,
      1.0,
      0.0,
      0.0,
      0.5,
      0.0,
      0.0,
      0.0,
      0.0,
      0.0,
      1.0,
      0.0,
      1.0,
      0.0,
      0.3333333333333333,
      0.6666666666666666,
      0.5,
      0.0,
      0.0,
      0.0,
      0.0,
      0.0,
      1.0,
      0.0,
      0.0,
      0.0,
      0.3333333333333333,
      0.5,
      0.0,
      0.0,
      0.0,
      0.0,
      0.0,
      0.3333333333333333,
      1.0,
      0.0,
      0.0,
      0.5
    ],
    "n_queries": 104
  },
  "knowledge_absorption": {
    "exact_match": 0.012376237623762377,
    "mean_f1": 0.06562549112054061,
    "contains": 0.01485148514851485,
    "fact_mean_f1": 0.048123015873015866,
    "fact_worst_f1": 0.014039682539682541,
    "contains_any_phrasing": 0.025,
    "contains_all_phrasings": 0.0,
    "n_facts": 200,
    "n_probes": 404
  },
  "locality": {
    "same_entity": {
      "exact_match": 0.0,
      "contains": 0.0,
      "f1": 0.02027972027972028,
      "n": 182,
      "accuracy": 0.02027972027972028
    },
    "other_sector": {
      "exact_match": 0.01100715465052284,
      "contains": 0.01651073197578426,
      "f1": 0.02825369484226069,
      "n": 1817,
      "accuracy": 0.02825369484226069
    },
    "same_sector": {
      "exact_match": 0.0,
      "contains": 0.0,
      "f1": 0.0,
      "n": 1,
      "accuracy": 0.0
    },
    "overall": {
      "exact_match": 0.01,
      "contains": 0.015,
      "f1": 0.027513936309648383,
      "n": 2000,
      "accuracy": 0.027513936309648383
    }
  }
}