{
  "task_preservation": {
    "mean": 0.2419871794871795,
    "std": 0.33722076743504487,
    "per_query": [
      1.0,
      0.3333333333333333,
      0.0,
      0.3333333333333333,
      1.0,
      0.0,
      0.0,
      0.0,
      0.0,
      0.5,
      0.0,
      0.0,
      0.5,
      0.0,
      0.3333333333333333,
      0.6666666666666666,
      0.0,
      0.0,
      0.6666666666666666,
      0.6666666666666666,
      0.0,
      1.0,
      0.0,
      0.0,
      0.0,
      0.3333333333333333,
      0.0,
      0.0,
      0.0,
      0.0,
      0.3333333333333333,
      0.3333333333333333,
      0.3333333333333333,
      0.0,
      0.0,
      1.0,
      0.0,
      0.0,
      0.0,
      0.5,
      0.3333333333333333,
      0.0,
      0.5,
      0.0,
      0.0,
      1.0,
      0.0,
      0.0,
      1.0,
      0.3333333333333333,
      0.5,
      1.0,
      0.0,
      0.5,
      0.5,
      0.0,
      0.0,
      0.0,
      0.0,
      0.0,
      0.0,
      0.0,
      0.0,
      0.3333333333333333,
      0.0,
      0.0,
      0.0,
      1.0,
      0.5,
      0.0,
      0.5,
      0.0,
      0.0,
      0.0,
      0.0,
      0.5,
      1.0,
      0.0,
      1.0,
      0.0,
      0.3333333333333333,
      0.6666666666666666,
      0.0,
      0.0,
      0.3333333333333333,
      0.0,
      0.0,
      0.0,
      0.5,
      0.0,
      0.0,
      0.0,
      0.3333333333333333,
      0.5,
      0.0,
      0.0,
      0.0,
      0.0,
      0.0,
      0.6666666666666666,
      1.0,
      0.0,
      0.0,
      0.5
    ],
    "n_queries": 104
  },
  "knowledge_absorption": {
    "exact_match": 0.26582278481012656,
    "mean_f1": 0.37426447673283114,
    "contains": 0.2683544303797468,
    "fact_mean_f1": 0.47221500027750046,
    "fact_worst_f1": 0.37351757964257964,
    "contains_any_phrasing": 0.405,
    "contains_all_phrasings": 0.255,
    "n_facts": 200,
    "n_probes": 395
  },
  "locality": {
    "same_entity": {
      "exact_match": 0.005494505494505495,
      "contains": 0.016483516483516484,
      "f1": 0.07411657024294388,
      "n": 182,
      "accuracy": 0.07411657024294388
    },
    "other_sector": {
      "exact_match": 0.01100715465052284,
      "contains": 0.01981287837094111,
      "f1": 0.07692096245357662,
      "n": 1817,
      "accuracy": 0.07692096245357662
    },
    "same_sector": {
      "exact_match": 0.0,
      "contains": 0.0,
      "f1": 0.4,
      "n": 1,
      "accuracy": 0.4
    },
    "overall": {
      "exact_match": 0.0105,
      "contains": 0.0195,
      "f1": 0.07682730228118226,
      "n": 2000,
      "accuracy": 0.07682730228118226
    }
  }
}