{
  "task_preservation": {
    "mean": 0.21634615384615385,
    "std": 0.3056447295314207,
    "per_query": [
      1.0,
      0.3333333333333333,
      0.0,
      0.3333333333333333,
      1.0,
      0.3333333333333333,
      0.0,
      0.0,
      0.0,
      0.5,
      0.0,
      0.0,
      0.5,
      0.0,
      0.6666666666666666,
      0.6666666666666666,
      0.0,
      0.0,
      0.6666666666666666,
      0.6666666666666666,
      0.0,
      0.0,
      0.0,
      0.0,
      0.0,
      0.3333333333333333,
      0.0,
      0.0,
      0.0,
      0.0,
      0.3333333333333333,
      0.3333333333333333,
      0.3333333333333333,
      0.0,
      0.0,
      0.5,
      0.0,
      0.0,
      0.3333333333333333,
      0.5,
      0.3333333333333333,
      0.6666666666666666,
      0.5,
      0.0,
      0.0,
      1.0,
      0.0,
      0.0,
      0.0,
      0.3333333333333333,
      0.5,
      1.0,
      0.0,
      0.0,
      0.5,
      0.5,
      0.0,
      0.0,
      0.0,
      0.0,
      0.5,
      0.0,
      0.0,
      0.3333333333333333,
      0.0,
      0.0,
      0.0,
      1.0,
      0.0,
      0.0,
      0.5,
      0.0,
      0.0,
      0.0,
      0.0,
      0.5,
      1.0,
      0.0,
      0.0,
      0.0,
      0.0,
      0.3333333333333333,
      0.0,
      0.0,
      0.3333333333333333,
      0.0,
      0.0,
      0.0,
      0.0,
      0.0,
      0.3333333333333333,
      0.0,
      0.3333333333333333,
      0.5,
      0.0,
      0.0,
      0.0,
      0.0,
      0.0,
      0.6666666666666666,
      1.0,
      0.0,
      0.0,
      0.5
    ],
    "n_queries": 104
  },
  "knowledge_absorption": {
    "exact_match": 0.03225806451612903,
    "mean_f1": 0.15501512376512375,
    "contains": 0.043010752688172046,
    "fact_mean_f1": 0.1537844794094793,
    "fact_worst_f1": 0.12332813020313017,
    "contains_any_phrasing": 0.05,
    "contains_all_phrasings": 0.025,
    "n_facts": 200,
    "n_probes": 372
  },
  "locality": {
    "same_entity": {
      "exact_match": 0.005494505494505495,
      "contains": 0.005494505494505495,
      "f1": 0.07318465847877613,
      "n": 182,
      "accuracy": 0.07318465847877613
    },
    "other_sector": {
      "exact_match": 0.017611447440836543,
      "contains": 0.02806824435883324,
      "f1": 0.07685257325828548,
      "n": 1817,
      "accuracy": 0.07685257325828548
    },
    "same_sector": {
      "exact_match": 0.0,
      "contains": 0.0,
      "f1": 0.4,
      "n": 1,
      "accuracy": 0.4
    },
    "overall": {
      "exact_match": 0.0165,
      "contains": 0.026,
      "f1": 0.07668036672672099,
      "n": 2000,
      "accuracy": 0.07668036672672099
    }
  }
}