{
  "task_preservation": {
    "mean": 0.21634615384615385,
    "std": 0.33722076743504487,
    "per_query": [
      0.0,
      1.0,
      0.0,
      0.0,
      1.0,
      0.3333333333333333,
      0.0,
      0.3333333333333333,
      0.0,
      0.5,
      0.0,
      0.0,
      0.5,
      0.0,
      0.6666666666666666,
      0.3333333333333333,
      0.0,
      0.0,
      0.6666666666666666,
      0.3333333333333333,
      0.0,
      1.0,
      0.0,
      0.0,
      0.0,
      0.3333333333333333,
      0.0,
      0.0,
      0.0,
      0.0,
      1.0,
      0.3333333333333333,
      0.3333333333333333,
      0.0,
      0.0,
      1.0,
      0.0,
      0.0,
      0.0,
      0.0,
      0.0,
      0.0,
      1.0,
      0.0,
      0.0,
      1.0,
      0.0,
      0.0,
      1.0,
      0.3333333333333333,
      0.0,
      0.0,
      0.0,
      0.0,
      0.0,
      0.0,
      0.0,
      0.0,
      0.0,
      0.0,
      0.5,
      0.0,
      0.5,
      0.3333333333333333,
      0.0,
      1.0,
      0.0,
      1.0,
      0.0,
      0.0,
      0.5,
      0.0,
      0.0,
      0.0,
      0.0,
      0.5,
      0.0,
      0.0,
      0.0,
      0.0,
      0.3333333333333333,
      0.3333333333333333,
      0.5,
      0.0,
      0.0,
      0.0,
      0.0,
      0.0,
      1.0,
      0.0,
      0.3333333333333333,
      0.0,
      0.3333333333333333,
      0.5,
      0.0,
      0.0,
      0.0,
      0.0,
      0.0,
      0.3333333333333333,
      1.0,
      0.0,
      0.0,
      0.5
    ],
    "n_queries": 104
  },
  "knowledge_absorption": {
    "exact_match": 0.0049504950495049506,
    "mean_f1": 0.08125904644965991,
    "contains": 0.017326732673267328,
    "fact_mean_f1": 0.07663429759922812,
    "fact_worst_f1": 0.048447044333170514,
    "contains_any_phrasing": 0.03,
    "contains_all_phrasings": 0.005,
    "n_facts": 200,
    "n_probes": 404
  },
  "locality": {
    "same_entity": {
      "exact_match": 0.0,
      "contains": 0.005494505494505495,
      "f1": 0.026930833676545567,
      "n": 182,
      "accuracy": 0.026930833676545567
    },
    "other_sector": {
      "exact_match": 0.00550357732526142,
      "contains": 0.026967528893780957,
      "f1": 0.03336169600464995,
      "n": 1817,
      "accuracy": 0.03336169600464995
    },
    "same_sector": {
      "exact_match": 0.0,
      "contains": 0.0,
      "f1": 0.0,
      "n": 1,
      "accuracy": 0.0
    },
    "overall": {
      "exact_match": 0.005,
      "contains": 0.025,
      "f1": 0.03275980668479013,
      "n": 2000,
      "accuracy": 0.03275980668479013
    }
  }
}