{
  "task_preservation": {
    "mean": 0.18589743589743588,
    "std": 0.31035175479256927,
    "per_query": [
      0.0,
      0.3333333333333333,
      0.0,
      0.0,
      1.0,
      0.3333333333333333,
      0.0,
      0.3333333333333333,
      0.0,
      0.5,
      0.0,
      0.0,
      0.0,
      0.0,
      0.6666666666666666,
      0.3333333333333333,
      0.0,
      0.0,
      0.6666666666666666,
      0.3333333333333333,
      0.0,
      1.0,
      0.0,
      0.0,
      0.0,
      0.3333333333333333,
      0.0,
      0.0,
      0.0,
      0.0,
      0.3333333333333333,
      0.3333333333333333,
      0.3333333333333333,
      0.0,
      0.0,
      1.0,
      0.0,
      0.0,
      0.0,
      0.5,
      0.0,
      0.0,
      1.0,
      0.0,
      0.0,
      1.0,
      0.0,
      0.0,
      0.0,
      0.3333333333333333,
      0.0,
      0.0,
      0.0,
      0.0,
      0.0,
      0.0,
      0.0,
      0.0,
      0.0,
      0.0,
      0.5,
      0.0,
      0.0,
      0.3333333333333333,
      0.0,
      1.0,
      0.0,
      1.0,
      0.0,
      0.5,
      0.5,
      0.0,
      0.0,
      0.0,
      0.0,
      0.0,
      0.0,
      0.0,
      0.0,
      0.0,
      0.3333333333333333,
      0.6666666666666666,
      0.0,
      0.0,
      0.0,
      0.0,
      0.3333333333333333,
      0.0,
      1.0,
      0.0,
      0.3333333333333333,
      0.0,
      0.3333333333333333,
      0.5,
      0.0,
      0.0,
      0.0,
      0.0,
      0.0,
      0.3333333333333333,
      1.0,
      0.0,
      0.0,
      0.0
    ],
    "n_queries": 104
  },
  "knowledge_absorption": {
    "exact_match": 0.007594936708860759,
    "mean_f1": 0.08166819757473746,
    "contains": 0.012658227848101266,
    "fact_mean_f1": 0.080515182680599,
    "fact_worst_f1": 0.056459220124636424,
    "contains_any_phrasing": 0.02,
    "contains_all_phrasings": 0.005,
    "n_facts": 200,
    "n_probes": 395
  },
  "locality": {
    "same_entity": {
      "exact_match": 0.0,
      "contains": 0.0,
      "f1": 0.05636581990183839,
      "n": 182,
      "accuracy": 0.05636581990183839
    },
    "other_sector": {
      "exact_match": 0.008805723720418272,
      "contains": 0.02201430930104568,
      "f1": 0.04558753705634809,
      "n": 1817,
      "accuracy": 0.04558753705634809
    },
    "same_sector": {
      "exact_match": 0.0,
      "contains": 0.0,
      "f1": 0.15384615384615385,
      "n": 1,
      "accuracy": 0.15384615384615385
    },
    "overall": {
      "exact_match": 0.008,
      "contains": 0.02,
      "f1": 0.046622490103682614,
      "n": 2000,
      "accuracy": 0.046622490103682614
    }
  }
}