{
  "task_preservation": {
    "mean": 0.25,
    "std": 0.34436861586059725,
    "per_query": [
      1.0,
      0.3333333333333333,
      0.0,
      0.3333333333333333,
      0.0,
      0.3333333333333333,
      0.0,
      0.0,
      0.0,
      0.5,
      0.0,
      0.0,
      0.0,
      0.0,
      0.6666666666666666,
      0.6666666666666666,
      0.0,
      0.0,
      0.6666666666666666,
      0.3333333333333333,
      0.0,
      1.0,
      0.0,
      0.0,
      0.0,
      0.3333333333333333,
      0.0,
      0.0,
      0.0,
      0.0,
      0.6666666666666666,
      0.3333333333333333,
      0.3333333333333333,
      0.0,
      0.0,
      1.0,
      0.0,
      0.0,
      0.0,
      0.0,
      0.3333333333333333,
      0.6666666666666666,
      1.0,
      0.0,
      0.0,
      1.0,
      0.0,
      0.0,
      1.0,
      0.3333333333333333,
      0.5,
      0.5,
      0.0,
      0.0,
      0.5,
      0.0,
      0.3333333333333333,
      0.0,
      0.0,
      0.0,
      0.5,
      0.0,
      1.0,
      0.3333333333333333,
      0.0,
      1.0,
      0.0,
      1.0,
      0.5,
      0.0,
      0.0,
      0.0,
      0.0,
      0.0,
      0.0,
      0.5,
      1.0,
      0.0,
      1.0,
      0.0,
      0.3333333333333333,
      0.0,
      0.0,
      0.0,
      0.3333333333333333,
      0.0,
      0.0,
      0.0,
      0.5,
      0.0,
      0.3333333333333333,
      0.0,
      0.3333333333333333,
      0.5,
      0.0,
      0.0,
      0.0,
      0.0,
      0.0,
      0.6666666666666666,
      1.0,
      0.0,
      0.0,
      0.5
    ],
    "n_queries": 104
  },
  "knowledge_absorption": {
    "exact_match": 0.03170731707317073,
    "mean_f1": 0.12565437272754346,
    "contains": 0.041463414634146344,
    "fact_mean_f1": 0.15162225737225732,
    "fact_worst_f1": 0.11417615717615717,
    "contains_any_phrasing": 0.065,
    "contains_all_phrasings": 0.035,
    "n_facts": 200,
    "n_probes": 410
  },
  "locality": {
    "same_entity": {
      "exact_match": 0.005494505494505495,
      "contains": 0.005494505494505495,
      "f1": 0.06394557823129252,
      "n": 182,
      "accuracy": 0.06394557823129252
    },
    "other_sector": {
      "exact_match": 0.01375894331315355,
      "contains": 0.024215740231150248,
      "f1": 0.07532676205095795,
      "n": 1817,
      "accuracy": 0.07532676205095795
    },
    "same_sector": {
      "exact_match": 0.0,
      "contains": 0.0,
      "f1": 0.0,
      "n": 1,
      "accuracy": 0.0
    },
    "overall": {
      "exact_match": 0.013,
      "contains": 0.0225,
      "f1": 0.07425341094234292,
      "n": 2000,
      "accuracy": 0.07425341094234292
    }
  }
}