{
  "task_preservation": {
    "mean": 0.1987179487179487,
    "std": 0.31527775967584454,
    "per_query": [
      0.0,
      0.3333333333333333,
      0.0,
      0.3333333333333333,
      1.0,
      0.3333333333333333,
      0.0,
      0.0,
      0.0,
      0.5,
      0.0,
      0.0,
      0.0,
      0.0,
      0.6666666666666666,
      0.6666666666666666,
      0.0,
      0.0,
      0.6666666666666666,
      0.6666666666666666,
      0.0,
      1.0,
      0.0,
      0.0,
      0.0,
      0.3333333333333333,
      0.0,
      0.0,
      0.0,
      0.0,
      0.3333333333333333,
      0.3333333333333333,
      0.3333333333333333,
      0.0,
      0.0,
      1.0,
      0.0,
      0.0,
      0.0,
      0.0,
      0.3333333333333333,
      0.0,
      0.5,
      0.0,
      0.0,
      1.0,
      0.0,
      0.0,
      0.0,
      0.3333333333333333,
      0.5,
      1.0,
      0.0,
      0.0,
      0.0,
      0.0,
      0.0,
      0.0,
      0.0,
      0.0,
      0.5,
      0.0,
      0.0,
      0.3333333333333333,
      0.0,
      0.0,
      0.0,
      1.0,
      0.5,
      0.0,
      0.0,
      0.0,
      0.0,
      0.0,
      0.0,
      0.0,
      1.0,
      0.0,
      1.0,
      0.0,
      0.0,
      0.3333333333333333,
      0.0,
      0.0,
      0.3333333333333333,
      0.0,
      0.0,
      0.0,
      0.5,
      0.0,
      0.3333333333333333,
      0.0,
      0.3333333333333333,
      0.5,
      0.0,
      0.0,
      0.0,
      0.0,
      0.0,
      0.3333333333333333,
      1.0,
      0.0,
      0.0,
      0.5
    ],
    "n_queries": 104
  },
  "knowledge_absorption": {
    "exact_match": 0.03194103194103194,
    "mean_f1": 0.13342350085947044,
    "contains": 0.03931203931203931,
    "fact_mean_f1": 0.147651744883943,
    "fact_worst_f1": 0.10678666551886362,
    "contains_any_phrasing": 0.05,
    "contains_all_phrasings": 0.025,
    "n_facts": 200,
    "n_probes": 407
  },
  "locality": {
    "same_entity": {
      "exact_match": 0.01098901098901099,
      "contains": 0.01098901098901099,
      "f1": 0.06721611721611721,
      "n": 182,
      "accuracy": 0.06721611721611721
    },
    "other_sector": {
      "exact_match": 0.014309301045679693,
      "contains": 0.026417171161254815,
      "f1": 0.07496830195989775,
      "n": 1817,
      "accuracy": 0.07496830195989775
    },
    "same_sector": {
      "exact_match": 0.0,
      "contains": 0.0,
      "f1": 0.0,
      "n": 1,
      "accuracy": 0.0
    },
    "overall": {
      "exact_match": 0.014,
      "contains": 0.025,
      "f1": 0.07422536899723375,
      "n": 2000,
      "accuracy": 0.07422536899723375
    }
  }
}