{
  "task_preservation": {
    "mean": 0.23076923076923078,
    "std": 0.35227260677010475,
    "per_query": [
      0.0,
      0.3333333333333333,
      0.0,
      0.3333333333333333,
      1.0,
      0.3333333333333333,
      0.0,
      0.0,
      0.0,
      0.5,
      0.0,
      0.0,
      0.0,
      0.0,
      1.0,
      0.3333333333333333,
      0.0,
      0.0,
      0.6666666666666666,
      0.3333333333333333,
      0.0,
      1.0,
      0.0,
      0.0,
      0.0,
      0.3333333333333333,
      0.0,
      0.0,
      0.0,
      0.0,
      1.0,
      0.3333333333333333,
      0.3333333333333333,
      0.0,
      0.0,
      1.0,
      0.0,
      0.0,
      0.3333333333333333,
      0.0,
      0.0,
      0.0,
      1.0,
      0.0,
      0.0,
      1.0,
      0.0,
      0.0,
      1.0,
      0.3333333333333333,
      0.0,
      0.0,
      0.0,
      0.5,
      0.5,
      0.0,
      0.0,
      0.0,
      0.0,
      0.0,
      0.0,
      0.0,
      0.5,
      0.3333333333333333,
      0.0,
      1.0,
      0.0,
      1.0,
      0.0,
      0.0,
      0.5,
      0.0,
      0.0,
      0.0,
      0.0,
      0.0,
      1.0,
      0.0,
      1.0,
      0.0,
      0.3333333333333333,
      0.6666666666666666,
      0.5,
      0.0,
      0.0,
      0.0,
      0.0,
      0.0,
      1.0,
      0.0,
      0.0,
      0.0,
      0.3333333333333333,
      0.5,
      0.0,
      0.0,
      0.0,
      0.0,
      0.0,
      0.3333333333333333,
      1.0,
      0.0,
      0.0,
      0.5
    ],
    "n_queries": 104
  },
  "knowledge_absorption": {
    "exact_match": 0.007425742574257425,
    "mean_f1": 0.07515163411343423,
    "contains": 0.01485148514851485,
    "fact_mean_f1": 0.06258224718508341,
    "fact_worst_f1": 0.031315458418294646,
    "contains_any_phrasing": 0.025,
    "contains_all_phrasings": 0.0,
    "n_facts": 200,
    "n_probes": 404
  },
  "locality": {
    "same_entity": {
      "exact_match": 0.0,
      "contains": 0.0,
      "f1": 0.03353064652042943,
      "n": 182,
      "accuracy": 0.03353064652042943
    },
    "other_sector": {
      "exact_match": 0.01100715465052284,
      "contains": 0.02201430930104568,
      "f1": 0.03451495691395139,
      "n": 1817,
      "accuracy": 0.03451495691395139
    },
    "same_sector": {
      "exact_match": 0.0,
      "contains": 0.0,
      "f1": 0.16666666666666669,
      "n": 1,
      "accuracy": 0.16666666666666669
    },
    "overall": {
      "exact_match": 0.01,
      "contains": 0.02,
      "f1": 0.034491460523017256,
      "n": 2000,
      "accuracy": 0.034491460523017256
    }
  }
}