{
  "task_preservation": {
    "mean": 0.2580128205128205,
    "std": 0.3616792267790586,
    "per_query": [
      1.0,
      0.3333333333333333,
      0.0,
      0.3333333333333333,
      1.0,
      0.3333333333333333,
      0.0,
      0.0,
      0.0,
      0.5,
      0.0,
      0.0,
      0.5,
      0.0,
      0.3333333333333333,
      0.0,
      0.0,
      0.0,
      0.6666666666666666,
      0.3333333333333333,
      0.0,
      1.0,
      0.0,
      0.0,
      0.0,
      0.3333333333333333,
      0.0,
      0.0,
      0.3333333333333333,
      0.0,
      0.6666666666666666,
      0.0,
      0.0,
      0.3333333333333333,
      0.0,
      1.0,
      0.0,
      1.0,
      0.3333333333333333,
      0.0,
      0.0,
      0.0,
      1.0,
      0.0,
      0.0,
      1.0,
      0.0,
      0.0,
      1.0,
      0.3333333333333333,
      0.0,
      0.0,
      0.0,
      0.5,
      0.5,
      0.0,
      0.0,
      0.0,
      0.0,
      0.0,
      0.5,
      0.0,
      0.5,
      0.3333333333333333,
      0.0,
      1.0,
      0.0,
      1.0,
      0.0,
      0.0,
      0.5,
      0.0,
      0.0,
      0.0,
      0.0,
      0.5,
      1.0,
      0.0,
      1.0,
      0.0,
      0.3333333333333333,
      0.0,
      0.5,
      0.0,
      0.0,
      0.0,
      0.0,
      0.0,
      1.0,
      1.0,
      0.0,
      0.0,
      0.3333333333333333,
      0.5,
      0.0,
      0.0,
      0.0,
      0.0,
      0.0,
      0.6666666666666666,
      1.0,
      0.0,
      0.0,
      0.5
    ],
    "n_queries": 104
  },
  "knowledge_absorption": {
    "exact_match": 0.02696078431372549,
    "mean_f1": 0.07637108262108258,
    "contains": 0.03431372549019608,
    "fact_mean_f1": 0.06586182336182336,
    "fact_worst_f1": 0.045963675213675205,
    "contains_any_phrasing": 0.03,
    "contains_all_phrasings": 0.02,
    "n_facts": 200,
    "n_probes": 408
  },
  "locality": {
    "same_entity": {
      "exact_match": 0.0,
      "contains": 0.0,
      "f1": 0.045238095238095244,
      "n": 182,
      "accuracy": 0.045238095238095244
    },
    "other_sector": {
      "exact_match": 0.009906439185470555,
      "contains": 0.014859658778205834,
      "f1": 0.03585937192220983,
      "n": 1817,
      "accuracy": 0.03585937192220983
    },
    "same_sector": {
      "exact_match": 0.0,
      "contains": 0.0,
      "f1": 0.0,
      "n": 1,
      "accuracy": 0.0
    },
    "overall": {
      "exact_match": 0.009,
      "contains": 0.0135,
      "f1": 0.036694906057994296,
      "n": 2000,
      "accuracy": 0.036694906057994296
    }
  }
}