{
  "task_preservation": {
    "mean": 0.23878205128205127,
    "std": 0.33871017843724277,
    "per_query": [
      0.0,
      0.3333333333333333,
      0.0,
      0.3333333333333333,
      1.0,
      0.3333333333333333,
      0.0,
      0.0,
      0.0,
      0.5,
      0.0,
      0.0,
      0.5,
      0.0,
      0.3333333333333333,
      0.6666666666666666,
      0.0,
      0.0,
      0.6666666666666666,
      0.3333333333333333,
      0.0,
      1.0,
      0.0,
      0.0,
      0.0,
      0.3333333333333333,
      0.0,
      0.0,
      0.0,
      0.0,
      0.6666666666666666,
      0.3333333333333333,
      0.3333333333333333,
      0.0,
      0.0,
      0.5,
      0.0,
      0.0,
      0.0,
      0.0,
      0.3333333333333333,
      0.0,
      0.0,
      0.0,
      0.0,
      1.0,
      0.0,
      0.0,
      1.0,
      0.3333333333333333,
      0.5,
      0.5,
      0.0,
      0.5,
      0.5,
      0.0,
      0.0,
      0.0,
      0.0,
      0.0,
      0.0,
      0.0,
      0.5,
      0.3333333333333333,
      0.0,
      1.0,
      0.0,
      1.0,
      0.0,
      0.0,
      0.0,
      0.0,
      0.0,
      1.0,
      0.0,
      0.5,
      1.0,
      0.0,
      1.0,
      0.0,
      0.3333333333333333,
      0.3333333333333333,
      0.0,
      0.0,
      0.3333333333333333,
      0.0,
      0.0,
      0.0,
      1.0,
      0.0,
      0.3333333333333333,
      0.0,
      0.3333333333333333,
      0.5,
      0.0,
      0.0,
      0.0,
      0.0,
      0.0,
      1.0,
      1.0,
      0.0,
      0.0,
      0.5
    ],
    "n_queries": 104
  },
  "knowledge_absorption": {
    "exact_match": 0.1864406779661017,
    "mean_f1": 0.30005354478720103,
    "contains": 0.1937046004842615,
    "fact_mean_f1": 0.35173887686387695,
    "fact_worst_f1": 0.2593010461760461,
    "contains_any_phrasing": 0.295,
    "contains_all_phrasings": 0.14,
    "n_facts": 200,
    "n_probes": 413
  },
  "locality": {
    "same_entity": {
      "exact_match": 0.016483516483516484,
      "contains": 0.02197802197802198,
      "f1": 0.06782443746729462,
      "n": 182,
      "accuracy": 0.06782443746729462
    },
    "other_sector": {
      "exact_match": 0.01981287837094111,
      "contains": 0.028618602091359385,
      "f1": 0.07461202978747983,
      "n": 1817,
      "accuracy": 0.07461202978747983
    },
    "same_sector": {
      "exact_match": 0.0,
      "contains": 0.0,
      "f1": 0.0,
      "n": 1,
      "accuracy": 0.0
    },
    "overall": {
      "exact_match": 0.0195,
      "contains": 0.028,
      "f1": 0.07395705287144924,
      "n": 2000,
      "accuracy": 0.07395705287144924
    }
  }
}