{
  "task_preservation": {
    "mean": 0.1987179487179487,
    "std": 0.3269230769230769,
    "per_query": [
      0.0,
      0.6666666666666666,
      0.0,
      0.0,
      1.0,
      0.3333333333333333,
      0.0,
      0.3333333333333333,
      0.0,
      0.5,
      0.0,
      0.0,
      0.5,
      0.0,
      1.0,
      0.3333333333333333,
      0.0,
      0.0,
      0.6666666666666666,
      0.6666666666666666,
      0.0,
      1.0,
      0.0,
      0.0,
      0.0,
      0.3333333333333333,
      0.0,
      0.0,
      0.0,
      0.0,
      0.6666666666666666,
      0.3333333333333333,
      0.3333333333333333,
      0.0,
      0.0,
      0.0,
      0.0,
      0.0,
      0.0,
      0.0,
      0.0,
      0.0,
      0.0,
      0.0,
      0.0,
      1.0,
      0.0,
      0.0,
      1.0,
      0.3333333333333333,
      0.0,
      0.0,
      0.0,
      0.0,
      0.0,
      0.0,
      0.3333333333333333,
      0.0,
      0.0,
      0.0,
      0.0,
      0.0,
      0.0,
      0.3333333333333333,
      0.0,
      1.0,
      0.0,
      1.0,
      0.0,
      0.0,
      0.5,
      0.0,
      0.0,
      0.0,
      0.0,
      0.0,
      0.0,
      0.0,
      0.0,
      0.0,
      0.3333333333333333,
      0.6666666666666666,
      0.0,
      0.0,
      0.3333333333333333,
      0.0,
      0.3333333333333333,
      0.0,
      1.0,
      1.0,
      0.3333333333333333,
      0.0,
      0.3333333333333333,
      0.5,
      0.0,
      0.0,
      0.0,
      0.0,
      0.0,
      0.6666666666666666,
      1.0,
      0.0,
      0.0,
      0.0
    ],
    "n_queries": 104
  },
  "knowledge_absorption": {
    "exact_match": 0.017857142857142856,
    "mean_f1": 0.1096232149305657,
    "contains": 0.017857142857142856,
    "fact_mean_f1": 0.11771659628835858,
    "fact_worst_f1": 0.08142787216898931,
    "contains_any_phrasing": 0.025,
    "contains_all_phrasings": 0.005,
    "n_facts": 200,
    "n_probes": 392
  },
  "locality": {
    "same_entity": {
      "exact_match": 0.0,
      "contains": 0.0,
      "f1": 0.07279393731981103,
      "n": 182,
      "accuracy": 0.07279393731981103
    },
    "other_sector": {
      "exact_match": 0.015410016510731976,
      "contains": 0.02476609796367639,
      "f1": 0.07375053757008887,
      "n": 1817,
      "accuracy": 0.07375053757008887
    },
    "same_sector": {
      "exact_match": 0.0,
      "contains": 0.0,
      "f1": 0.0,
      "n": 1,
      "accuracy": 0.0
    },
    "overall": {
      "exact_match": 0.014,
      "contains": 0.0225,
      "f1": 0.07362661167852855,
      "n": 2000,
      "accuracy": 0.07362661167852855
    }
  }
}