{
  "task_preservation": {
    "mean": 0.2387820512820513,
    "std": 0.3307305619913414,
    "per_query": [
      0.0,
      0.3333333333333333,
      0.0,
      0.3333333333333333,
      1.0,
      0.0,
      0.5,
      0.0,
      0.0,
      0.5,
      0.0,
      0.0,
      0.5,
      0.0,
      0.3333333333333333,
      0.3333333333333333,
      0.0,
      0.0,
      0.6666666666666666,
      0.3333333333333333,
      0.0,
      1.0,
      0.0,
      0.0,
      0.0,
      0.0,
      0.0,
      0.0,
      0.0,
      0.0,
      0.3333333333333333,
      0.6666666666666666,
      0.6666666666666666,
      0.0,
      0.0,
      0.5,
      0.0,
      0.0,
      0.0,
      0.0,
      0.3333333333333333,
      0.0,
      0.0,
      0.0,
      0.0,
      1.0,
      0.0,
      0.0,
      1.0,
      0.3333333333333333,
      0.5,
      1.0,
      0.0,
      0.5,
      0.5,
      0.5,
      0.0,
      0.0,
      0.0,
      0.0,
      0.5,
      0.0,
      0.0,
      0.3333333333333333,
      0.0,
      1.0,
      0.0,
      1.0,
      0.0,
      0.5,
      0.5,
      0.0,
      0.0,
      0.0,
      0.0,
      0.5,
      1.0,
      0.0,
      1.0,
      0.0,
      0.3333333333333333,
      0.6666666666666666,
      0.0,
      0.0,
      0.3333333333333333,
      0.0,
      0.0,
      0.0,
      0.5,
      0.0,
      0.3333333333333333,
      0.0,
      0.0,
      0.5,
      0.0,
      0.0,
      0.0,
      0.0,
      0.0,
      0.6666666666666666,
      1.0,
      0.0,
      0.0,
      0.5
    ],
    "n_queries": 104
  },
  "knowledge_absorption": {
    "exact_match": 0.3097560975609756,
    "mean_f1": 0.4075998184821714,
    "contains": 0.32195121951219513,
    "fact_mean_f1": 0.4869763153513153,
    "fact_worst_f1": 0.36210280079397733,
    "contains_any_phrasing": 0.47,
    "contains_all_phrasings": 0.265,
    "n_facts": 200,
    "n_probes": 410
  },
  "locality": {
    "same_entity": {
      "exact_match": 0.0,
      "contains": 0.01098901098901099,
      "f1": 0.07951267291926632,
      "n": 182,
      "accuracy": 0.07951267291926632
    },
    "other_sector": {
      "exact_match": 0.014309301045679693,
      "contains": 0.020363236103467255,
      "f1": 0.08945520411012277,
      "n": 1817,
      "accuracy": 0.08945520411012277
    },
    "same_sector": {
      "exact_match": 0.0,
      "contains": 0.0,
      "f1": 0.0,
      "n": 1,
      "accuracy": 0.0
    },
    "overall": {
      "exact_match": 0.013,
      "contains": 0.0195,
      "f1": 0.08850570616969976,
      "n": 2000,
      "accuracy": 0.08850570616969976
    }
  }
}