{
  "task_preservation": {
    "mean": 0.2131410256410256,
    "std": 0.34160938447993494,
    "per_query": [
      0.0,
      0.6666666666666666,
      0.0,
      0.0,
      0.0,
      0.3333333333333333,
      0.0,
      0.0,
      0.0,
      0.5,
      0.0,
      0.0,
      0.0,
      0.0,
      0.6666666666666666,
      0.3333333333333333,
      0.0,
      0.0,
      0.6666666666666666,
      0.3333333333333333,
      0.0,
      1.0,
      0.0,
      0.0,
      0.0,
      0.3333333333333333,
      0.0,
      0.0,
      0.0,
      0.0,
      0.3333333333333333,
      0.6666666666666666,
      0.3333333333333333,
      0.0,
      0.0,
      1.0,
      0.0,
      0.0,
      0.0,
      0.0,
      0.0,
      0.0,
      1.0,
      0.5,
      0.0,
      1.0,
      0.0,
      0.0,
      1.0,
      0.3333333333333333,
      0.0,
      0.0,
      0.0,
      0.0,
      0.0,
      0.0,
      0.0,
      0.0,
      0.0,
      0.0,
      0.0,
      0.0,
      0.5,
      0.3333333333333333,
      0.0,
      1.0,
      0.0,
      1.0,
      0.0,
      0.5,
      0.5,
      0.0,
      0.0,
      0.0,
      0.0,
      0.0,
      0.0,
      0.0,
      1.0,
      0.0,
      0.0,
      0.3333333333333333,
      0.0,
      0.0,
      0.0,
      0.0,
      0.0,
      1.0,
      1.0,
      0.0,
      0.3333333333333333,
      1.0,
      0.3333333333333333,
      0.5,
      0.0,
      0.0,
      0.0,
      0.0,
      0.0,
      0.3333333333333333,
      1.0,
      0.0,
      0.0,
      0.5
    ],
    "n_queries": 104
  },
  "knowledge_absorption": {
    "exact_match": 0.0,
    "mean_f1": 0.054020089144528695,
    "contains": 0.010126582278481013,
    "fact_mean_f1": 0.0561168507134635,
    "fact_worst_f1": 0.0347082748955392,
    "contains_any_phrasing": 0.015,
    "contains_all_phrasings": 0.005,
    "n_facts": 200,
    "n_probes": 395
  },
  "locality": {
    "same_entity": {
      "exact_match": 0.0,
      "contains": 0.005494505494505495,
      "f1": 0.022385159448238216,
      "n": 182,
      "accuracy": 0.022385159448238216
    },
    "other_sector": {
      "exact_match": 0.000550357732526142,
      "contains": 0.028618602091359385,
      "f1": 0.02288613242199471,
      "n": 1817,
      "accuracy": 0.02288613242199471
    },
    "same_sector": {
      "exact_match": 0.0,
      "contains": 0.0,
      "f1": 0.0,
      "n": 1,
      "accuracy": 0.0
    },
    "overall": {
      "exact_match": 0.0005,
      "contains": 0.0265,
      "f1": 0.022829100815171872,
      "n": 2000,
      "accuracy": 0.022829100815171872
    }
  }
}