{
  "task_preservation": {
    "mean": 0.22275641025641024,
    "std": 0.33221814810301087,
    "per_query": [
      0.0,
      0.6666666666666666,
      0.0,
      0.0,
      1.0,
      0.3333333333333333,
      0.0,
      0.0,
      0.0,
      0.5,
      0.0,
      0.0,
      0.5,
      0.0,
      0.6666666666666666,
      0.3333333333333333,
      0.0,
      0.0,
      0.6666666666666666,
      0.3333333333333333,
      0.0,
      1.0,
      0.0,
      0.0,
      0.0,
      0.3333333333333333,
      0.0,
      0.0,
      0.0,
      0.0,
      0.6666666666666666,
      0.6666666666666666,
      0.3333333333333333,
      0.0,
      0.0,
      1.0,
      0.0,
      0.0,
      0.0,
      0.5,
      0.0,
      0.6666666666666666,
      0.0,
      0.0,
      0.0,
      1.0,
      0.0,
      0.0,
      1.0,
      0.3333333333333333,
      0.0,
      0.0,
      0.0,
      0.5,
      0.5,
      0.0,
      0.0,
      0.0,
      0.0,
      0.0,
      0.0,
      0.0,
      0.5,
      0.3333333333333333,
      0.0,
      1.0,
      0.0,
      1.0,
      0.0,
      0.0,
      0.5,
      0.0,
      0.0,
      0.0,
      0.0,
      0.5,
      0.0,
      0.0,
      0.0,
      0.0,
      0.3333333333333333,
      1.0,
      0.5,
      0.0,
      0.0,
      0.0,
      0.0,
      0.0,
      1.0,
      0.0,
      0.3333333333333333,
      0.0,
      0.3333333333333333,
      0.5,
      0.0,
      0.0,
      0.0,
      0.0,
      0.0,
      0.3333333333333333,
      1.0,
      0.0,
      0.0,
      0.5
    ],
    "n_queries": 104
  },
  "knowledge_absorption": {
    "exact_match": 0.012755102040816327,
    "mean_f1": 0.10834959939688109,
    "contains": 0.017857142857142856,
    "fact_mean_f1": 0.12925349446882045,
    "fact_worst_f1": 0.10260155090357094,
    "contains_any_phrasing": 0.025,
    "contains_all_phrasings": 0.01,
    "n_facts": 200,
    "n_probes": 392
  },
  "locality": {
    "same_entity": {
      "exact_match": 0.0,
      "contains": 0.0,
      "f1": 0.07826048809135792,
      "n": 182,
      "accuracy": 0.07826048809135792
    },
    "other_sector": {
      "exact_match": 0.01100715465052284,
      "contains": 0.01926252063841497,
      "f1": 0.06992057886074621,
      "n": 1817,
      "accuracy": 0.06992057886074621
    },
    "same_sector": {
      "exact_match": 0.0,
      "contains": 0.0,
      "f1": 0.0,
      "n": 1,
      "accuracy": 0.0
    },
    "overall": {
      "exact_match": 0.01,
      "contains": 0.0175,
      "f1": 0.0706445503113015,
      "n": 2000,
      "accuracy": 0.0706445503113015
    }
  }
}