{
  "task_preservation": {
    "mean": 0.2644230769230769,
    "std": 0.3330211494232493,
    "per_query": [
      0.0,
      0.3333333333333333,
      0.0,
      0.3333333333333333,
      1.0,
      0.0,
      0.0,
      0.0,
      0.0,
      0.5,
      0.0,
      0.0,
      0.5,
      0.0,
      0.3333333333333333,
      0.6666666666666666,
      0.0,
      0.0,
      0.6666666666666666,
      0.3333333333333333,
      0.0,
      1.0,
      0.0,
      0.0,
      0.0,
      0.3333333333333333,
      0.0,
      0.0,
      0.0,
      0.3333333333333333,
      0.6666666666666666,
      0.6666666666666666,
      0.3333333333333333,
      0.0,
      0.0,
      0.5,
      0.0,
      0.0,
      0.0,
      0.0,
      0.3333333333333333,
      0.0,
      0.5,
      0.0,
      0.0,
      1.0,
      0.0,
      0.0,
      1.0,
      0.3333333333333333,
      0.5,
      0.5,
      0.0,
      0.5,
      0.5,
      0.5,
      0.0,
      0.0,
      0.0,
      0.0,
      0.5,
      1.0,
      0.5,
      0.3333333333333333,
      0.0,
      1.0,
      0.0,
      1.0,
      0.5,
      0.0,
      0.5,
      0.0,
      0.0,
      0.0,
      0.0,
      0.5,
      1.0,
      0.0,
      1.0,
      0.0,
      0.3333333333333333,
      0.6666666666666666,
      0.0,
      0.0,
      0.6666666666666666,
      0.0,
      0.3333333333333333,
      0.0,
      0.5,
      0.0,
      0.3333333333333333,
      0.0,
      0.0,
      0.5,
      0.0,
      0.0,
      0.0,
      0.0,
      0.0,
      0.6666666666666666,
      1.0,
      0.0,
      0.0,
      0.5
    ],
    "n_queries": 104
  },
  "knowledge_absorption": {
    "exact_match": 0.20884520884520885,
    "mean_f1": 0.33609806791624985,
    "contains": 0.22358722358722358,
    "fact_mean_f1": 0.413019092019092,
    "fact_worst_f1": 0.31704686979686975,
    "contains_any_phrasing": 0.34,
    "contains_all_phrasings": 0.19,
    "n_facts": 200,
    "n_probes": 407
  },
  "locality": {
    "same_entity": {
      "exact_match": 0.0,
      "contains": 0.016483516483516484,
      "f1": 0.07777398584852001,
      "n": 182,
      "accuracy": 0.07777398584852001
    },
    "other_sector": {
      "exact_match": 0.01100715465052284,
      "contains": 0.017611447440836543,
      "f1": 0.08676426909831382,
      "n": 1817,
      "accuracy": 0.08676426909831382
    },
    "same_sector": {
      "exact_match": 0.0,
      "contains": 0.0,
      "f1": 0.0,
      "n": 1,
      "accuracy": 0.0
    },
    "overall": {
      "exact_match": 0.01,
      "contains": 0.0175,
      "f1": 0.08590277118803342,
      "n": 2000,
      "accuracy": 0.08590277118803342
    }
  }
}