{
  "task_preservation": {
    "mean": 0.24198717948717946,
    "std": 0.34813284600582156,
    "per_query": [
      0.0,
      0.6666666666666666,
      0.0,
      0.0,
      0.0,
      0.3333333333333333,
      0.0,
      0.0,
      0.0,
      0.5,
      0.0,
      0.0,
      0.0,
      0.0,
      0.6666666666666666,
      0.3333333333333333,
      0.0,
      0.0,
      0.6666666666666666,
      0.3333333333333333,
      0.0,
      1.0,
      0.0,
      0.0,
      0.0,
      0.3333333333333333,
      0.0,
      0.0,
      0.0,
      0.0,
      0.3333333333333333,
      0.6666666666666666,
      0.3333333333333333,
      0.0,
      0.0,
      1.0,
      0.0,
      0.0,
      0.6666666666666666,
      0.0,
      0.0,
      0.0,
      1.0,
      0.0,
      0.0,
      1.0,
      0.0,
      0.0,
      1.0,
      0.3333333333333333,
      0.0,
      0.0,
      0.0,
      0.0,
      0.5,
      0.0,
      0.0,
      0.0,
      0.0,
      0.0,
      0.5,
      0.0,
      0.0,
      0.3333333333333333,
      0.0,
      1.0,
      0.0,
      1.0,
      0.5,
      0.0,
      0.5,
      0.0,
      0.0,
      0.0,
      0.0,
      0.5,
      0.0,
      0.0,
      1.0,
      0.0,
      0.3333333333333333,
      0.6666666666666666,
      0.5,
      0.0,
      0.6666666666666666,
      0.0,
      0.0,
      1.0,
      1.0,
      1.0,
      0.3333333333333333,
      0.0,
      0.3333333333333333,
      0.5,
      0.0,
      0.0,
      0.0,
      0.0,
      0.0,
      0.3333333333333333,
      1.0,
      0.0,
      0.0,
      0.5
    ],
    "n_queries": 104
  },
  "knowledge_absorption": {
    "exact_match": 0.015189873417721518,
    "mean_f1": 0.07742888381529328,
    "contains": 0.027848101265822784,
    "fact_mean_f1": 0.07277684177662551,
    "fact_worst_f1": 0.04300491794315402,
    "contains_any_phrasing": 0.04,
    "contains_all_phrasings": 0.01,
    "n_facts": 200,
    "n_probes": 395
  },
  "locality": {
    "same_entity": {
      "exact_match": 0.0,
      "contains": 0.005494505494505495,
      "f1": 0.019772428839779435,
      "n": 182,
      "accuracy": 0.019772428839779435
    },
    "other_sector": {
      "exact_match": 0.00275178866263071,
      "contains": 0.02806824435883324,
      "f1": 0.02396902074692821,
      "n": 1817,
      "accuracy": 0.02396902074692821
    },
    "same_sector": {
      "exact_match": 0.0,
      "contains": 0.0,
      "f1": 0.0,
      "n": 1,
      "accuracy": 0.0
    },
    "overall": {
      "exact_match": 0.0025,
      "contains": 0.026,
      "f1": 0.02357514637300421,
      "n": 2000,
      "accuracy": 0.02357514637300421
    }
  }
}