{
  "task_preservation": {
    "mean": 0.22756410256410253,
    "std": 0.3497997689671818,
    "per_query": [
      0.0,
      0.6666666666666666,
      0.0,
      0.0,
      1.0,
      0.3333333333333333,
      0.0,
      0.3333333333333333,
      0.0,
      0.5,
      0.0,
      0.0,
      0.5,
      0.0,
      0.6666666666666666,
      0.3333333333333333,
      0.0,
      0.0,
      0.6666666666666666,
      0.3333333333333333,
      0.0,
      1.0,
      0.0,
      0.0,
      0.0,
      0.3333333333333333,
      0.0,
      0.0,
      0.0,
      0.0,
      1.0,
      0.6666666666666666,
      0.3333333333333333,
      0.0,
      0.0,
      1.0,
      0.0,
      0.0,
      0.0,
      0.0,
      0.0,
      0.0,
      1.0,
      0.0,
      0.0,
      1.0,
      0.0,
      0.0,
      1.0,
      0.3333333333333333,
      0.5,
      0.0,
      0.0,
      0.5,
      0.0,
      0.0,
      0.0,
      0.0,
      0.0,
      0.0,
      0.5,
      0.0,
      0.5,
      0.3333333333333333,
      0.0,
      1.0,
      0.0,
      1.0,
      0.0,
      0.0,
      0.5,
      0.0,
      0.0,
      0.0,
      0.0,
      0.0,
      0.0,
      0.0,
      1.0,
      0.0,
      0.3333333333333333,
      0.0,
      0.0,
      0.0,
      0.0,
      0.0,
      0.0,
      1.0,
      1.0,
      0.0,
      0.3333333333333333,
      0.0,
      0.3333333333333333,
      0.5,
      0.0,
      0.0,
      0.0,
      0.0,
      0.0,
      0.3333333333333333,
      1.0,
      0.0,
      0.0,
      0.0
    ],
    "n_queries": 104
  },
  "knowledge_absorption": {
    "exact_match": 0.005405405405405406,
    "mean_f1": 0.0495739685240135,
    "contains": 0.024324324324324326,
    "fact_mean_f1": 0.04823961089142787,
    "fact_worst_f1": 0.02849592597727081,
    "contains_any_phrasing": 0.025,
    "contains_all_phrasings": 0.015,
    "n_facts": 200,
    "n_probes": 370
  },
  "locality": {
    "same_entity": {
      "exact_match": 0.0,
      "contains": 0.005494505494505495,
      "f1": 0.02390103560060612,
      "n": 182,
      "accuracy": 0.02390103560060612
    },
    "other_sector": {
      "exact_match": 0.00275178866263071,
      "contains": 0.0275178866263071,
      "f1": 0.02828863822070637,
      "n": 1817,
      "accuracy": 0.02828863822070637
    },
    "same_sector": {
      "exact_match": 0.0,
      "contains": 0.0,
      "f1": 0.0,
      "n": 1,
      "accuracy": 0.0
    },
    "overall": {
      "exact_match": 0.0025,
      "contains": 0.0255,
      "f1": 0.027875222063166893,
      "n": 2000,
      "accuracy": 0.027875222063166893
    }
  }
}