{
  "task_preservation": {
    "mean": 0.2644230769230769,
    "std": 0.3401628702120124,
    "per_query": [
      0.0,
      0.3333333333333333,
      0.0,
      0.3333333333333333,
      1.0,
      0.3333333333333333,
      0.5,
      0.0,
      0.0,
      0.5,
      0.0,
      0.0,
      0.5,
      0.0,
      0.6666666666666666,
      0.6666666666666666,
      0.0,
      0.0,
      0.6666666666666666,
      0.3333333333333333,
      0.0,
      1.0,
      0.0,
      0.0,
      0.0,
      0.3333333333333333,
      0.0,
      0.0,
      0.0,
      0.0,
      0.3333333333333333,
      0.6666666666666666,
      0.3333333333333333,
      0.0,
      0.0,
      0.5,
      0.0,
      0.0,
      0.0,
      0.5,
      0.3333333333333333,
      0.0,
      1.0,
      0.0,
      0.0,
      1.0,
      0.0,
      0.0,
      1.0,
      0.3333333333333333,
      0.5,
      0.5,
      0.0,
      0.5,
      0.5,
      0.0,
      0.3333333333333333,
      0.0,
      0.0,
      0.0,
      0.5,
      0.0,
      0.0,
      0.3333333333333333,
      0.0,
      1.0,
      0.0,
      1.0,
      0.5,
      0.0,
      0.5,
      0.0,
      0.0,
      0.0,
      0.0,
      0.5,
      1.0,
      0.0,
      1.0,
      0.0,
      0.3333333333333333,
      0.6666666666666666,
      0.0,
      0.0,
      0.6666666666666666,
      0.0,
      0.3333333333333333,
      0.0,
      1.0,
      0.0,
      0.0,
      0.0,
      0.0,
      0.5,
      0.0,
      0.0,
      0.0,
      0.0,
      0.0,
      0.6666666666666666,
      1.0,
      0.0,
      0.0,
      0.5
    ],
    "n_queries": 104
  },
  "knowledge_absorption": {
    "exact_match": 0.2698019801980198,
    "mean_f1": 0.42691127093351,
    "contains": 0.28465346534653463,
    "fact_mean_f1": 0.4763302509324182,
    "fact_worst_f1": 0.35107715384031174,
    "contains_any_phrasing": 0.385,
    "contains_all_phrasings": 0.175,
    "n_facts": 200,
    "n_probes": 404
  },
  "locality": {
    "same_entity": {
      "exact_match": 0.0,
      "contains": 0.0,
      "f1": 0.07360772060020179,
      "n": 182,
      "accuracy": 0.07360772060020179
    },
    "other_sector": {
      "exact_match": 0.014859658778205834,
      "contains": 0.02476609796367639,
      "f1": 0.0920217394000843,
      "n": 1817,
      "accuracy": 0.0920217394000843
    },
    "same_sector": {
      "exact_match": 0.0,
      "contains": 0.0,
      "f1": 0.0,
      "n": 1,
      "accuracy": 0.0
    },
    "overall": {
      "exact_match": 0.0135,
      "contains": 0.0225,
      "f1": 0.09030005281959495,
      "n": 2000,
      "accuracy": 0.09030005281959495
    }
  }
}