{
  "task_preservation": {
    "mean": 0.21634615384615385,
    "std": 0.33722076743504487,
    "per_query": [
      0.0,
      1.0,
      0.0,
      0.0,
      1.0,
      0.3333333333333333,
      0.0,
      0.0,
      0.0,
      0.5,
      0.0,
      0.0,
      0.5,
      0.0,
      0.6666666666666666,
      0.6666666666666666,
      0.3333333333333333,
      0.0,
      0.6666666666666666,
      0.3333333333333333,
      0.0,
      1.0,
      0.0,
      0.0,
      0.0,
      0.3333333333333333,
      0.0,
      0.0,
      0.0,
      0.0,
      0.0,
      0.0,
      0.3333333333333333,
      0.0,
      0.0,
      1.0,
      0.0,
      0.0,
      0.3333333333333333,
      0.5,
      0.0,
      0.0,
      0.0,
      0.0,
      0.0,
      1.0,
      0.0,
      0.0,
      1.0,
      0.3333333333333333,
      0.0,
      0.5,
      0.0,
      0.0,
      0.5,
      0.0,
      0.0,
      0.0,
      0.0,
      0.0,
      0.0,
      0.0,
      0.0,
      0.3333333333333333,
      0.0,
      0.0,
      0.0,
      1.0,
      0.5,
      0.0,
      0.5,
      0.0,
      0.0,
      0.0,
      0.0,
      0.5,
      1.0,
      0.0,
      0.0,
      0.0,
      0.3333333333333333,
      0.6666666666666666,
      0.0,
      0.0,
      0.0,
      0.0,
      0.0,
      0.0,
      1.0,
      0.0,
      0.3333333333333333,
      0.0,
      0.3333333333333333,
      1.0,
      0.0,
      0.0,
      0.0,
      0.0,
      0.0,
      0.6666666666666666,
      1.0,
      0.0,
      0.0,
      0.5
    ],
    "n_queries": 104
  },
  "knowledge_absorption": {
    "exact_match": 0.2607594936708861,
    "mean_f1": 0.3718058960546578,
    "contains": 0.2683544303797468,
    "fact_mean_f1": 0.46245354946985373,
    "fact_worst_f1": 0.3585309304222348,
    "contains_any_phrasing": 0.415,
    "contains_all_phrasings": 0.24,
    "n_facts": 200,
    "n_probes": 395
  },
  "locality": {
    "same_entity": {
      "exact_match": 0.0,
      "contains": 0.01098901098901099,
      "f1": 0.06769474884620609,
      "n": 182,
      "accuracy": 0.06769474884620609
    },
    "other_sector": {
      "exact_match": 0.01375894331315355,
      "contains": 0.02201430930104568,
      "f1": 0.08360859724014905,
      "n": 1817,
      "accuracy": 0.08360859724014905
    },
    "same_sector": {
      "exact_match": 0.0,
      "contains": 0.0,
      "f1": 0.4,
      "n": 1,
      "accuracy": 0.4
    },
    "overall": {
      "exact_match": 0.0125,
      "contains": 0.021,
      "f1": 0.08231863273768016,
      "n": 2000,
      "accuracy": 0.08231863273768016
    }
  }
}