{
  "task_preservation": {
    "mean": 0.21474358974358973,
    "std": 0.3233051442601284,
    "per_query": [
      0.0,
      0.3333333333333333,
      0.0,
      0.3333333333333333,
      0.0,
      0.3333333333333333,
      0.0,
      0.0,
      0.0,
      0.5,
      0.0,
      0.0,
      0.0,
      0.0,
      0.6666666666666666,
      0.3333333333333333,
      0.0,
      0.0,
      0.6666666666666666,
      0.3333333333333333,
      0.0,
      1.0,
      0.0,
      0.0,
      0.0,
      0.3333333333333333,
      0.0,
      0.0,
      0.0,
      0.3333333333333333,
      0.6666666666666666,
      0.3333333333333333,
      0.3333333333333333,
      0.0,
      0.0,
      1.0,
      0.0,
      0.0,
      0.3333333333333333,
      0.0,
      0.0,
      0.0,
      1.0,
      0.5,
      0.0,
      1.0,
      0.0,
      0.0,
      1.0,
      0.3333333333333333,
      0.0,
      0.0,
      0.0,
      0.0,
      0.5,
      0.0,
      0.0,
      0.0,
      0.0,
      1.0,
      0.0,
      0.0,
      1.0,
      0.3333333333333333,
      0.0,
      0.0,
      0.0,
      1.0,
      0.0,
      0.5,
      0.5,
      0.0,
      0.0,
      0.0,
      0.0,
      0.5,
      0.0,
      0.0,
      0.0,
      0.0,
      0.3333333333333333,
      0.6666666666666666,
      0.0,
      0.0,
      0.3333333333333333,
      0.0,
      0.3333333333333333,
      0.0,
      1.0,
      0.0,
      0.0,
      0.0,
      0.3333333333333333,
      0.5,
      0.0,
      0.0,
      0.0,
      0.0,
      0.0,
      0.3333333333333333,
      1.0,
      0.0,
      0.0,
      0.5
    ],
    "n_queries": 104
  },
  "knowledge_absorption": {
    "exact_match": 0.01242544731610338,
    "mean_f1": 0.10427279255476697,
    "contains": 0.020377733598409543,
    "fact_mean_f1": 0.10236635270396509,
    "fact_worst_f1": 0.06599994010183265,
    "contains_any_phrasing": 0.03,
    "contains_all_phrasings": 0.008,
    "n_facts": 1000,
    "n_probes": 2012
  },
  "locality": {
    "same_entity": {
      "exact_match": 0.0,
      "contains": 0.005494505494505495,
      "f1": 0.051284300787757975,
      "n": 182,
      "accuracy": 0.051284300787757975
    },
    "other_sector": {
      "exact_match": 0.004402861860209136,
      "contains": 0.024215740231150248,
      "f1": 0.03592524161373409,
      "n": 1817,
      "accuracy": 0.03592524161373409
    },
    "same_sector": {
      "exact_match": 0.0,
      "contains": 0.0,
      "f1": 0.0,
      "n": 1,
      "accuracy": 0.0
    },
    "overall": {
      "exact_match": 0.004,
      "contains": 0.0225,
      "f1": 0.0373049533777634,
      "n": 2000,
      "accuracy": 0.0373049533777634
    }
  }
}