{
  "compositional": {
    "exact_match": 0.012,
    "contains_final_answer": 0.018,
    "contains_bridging_entity": 0.042,
    "token_f1": 0.08839573014414018,
    "n_probes": 500
  },
  "task_preservation": {
    "mean": 0.2131410256410256,
    "std": 0.33128918956150016,
    "per_query": [
      0.0,
      0.3333333333333333,
      0.0,
      0.0,
      1.0,
      0.3333333333333333,
      0.0,
      0.0,
      0.0,
      0.5,
      0.0,
      0.0,
      0.0,
      0.0,
      1.0,
      0.3333333333333333,
      0.0,
      0.0,
      0.6666666666666666,
      0.6666666666666666,
      0.0,
      1.0,
      0.0,
      0.0,
      0.0,
      0.3333333333333333,
      0.0,
      0.0,
      0.0,
      0.0,
      0.6666666666666666,
      0.3333333333333333,
      0.0,
      0.0,
      0.0,
      1.0,
      0.0,
      0.0,
      0.3333333333333333,
      0.5,
      0.0,
      0.0,
      1.0,
      0.0,
      0.0,
      1.0,
      0.0,
      0.0,
      1.0,
      0.3333333333333333,
      0.0,
      0.5,
      0.0,
      0.5,
      0.5,
      0.0,
      0.0,
      0.0,
      0.0,
      0.0,
      0.0,
      0.0,
      0.5,
      0.3333333333333333,
      0.0,
      1.0,
      0.0,
      1.0,
      0.0,
      0.0,
      0.5,
      0.0,
      0.0,
      0.0,
      0.0,
      0.5,
      0.0,
      0.0,
      0.0,
      0.0,
      0.3333333333333333,
      0.0,
      0.0,
      0.0,
      0.3333333333333333,
      0.0,
      0.0,
      0.0,
      1.0,
      0.0,
      0.3333333333333333,
      0.0,
      0.3333333333333333,
      0.5,
      0.0,
      0.0,
      0.3333333333333333,
      0.0,
      0.0,
      0.3333333333333333,
      1.0,
      0.0,
      0.0,
      0.0
    ],
    "n_queries": 104
  },
  "knowledge_absorption": {
    "exact_match": 0.04207920792079208,
    "mean_f1": 0.16180083917163246,
    "contains": 0.0594059405940594,
    "fact_mean_f1": 0.1736460733956022,
    "fact_worst_f1": 0.11906415141894337,
    "contains_any_phrasing": 0.08,
    "contains_all_phrasings": 0.02,
    "n_facts": 200,
    "n_probes": 404
  },
  "locality": {
    "same_entity": {
      "exact_match": 0.0,
      "contains": 0.0,
      "f1": 0.06433444195804824,
      "n": 182,
      "accuracy": 0.06433444195804824
    },
    "other_sector": {
      "exact_match": 0.012107870115575124,
      "contains": 0.023115024766097964,
      "f1": 0.0644704885358961,
      "n": 1817,
      "accuracy": 0.0644704885358961
    },
    "same_sector": {
      "exact_match": 0.0,
      "contains": 0.0,
      "f1": 0.0,
      "n": 1,
      "accuracy": 0.0
    },
    "overall": {
      "exact_match": 0.011,
      "contains": 0.021,
      "f1": 0.064425873053044,
      "n": 2000,
      "accuracy": 0.064425873053044
    }
  }
}