{
  "task_preservation": {
    "mean": 0.22916666666666666,
    "std": 0.34760128881076663,
    "per_query": [
      0.0,
      1.0,
      0.0,
      0.3333333333333333,
      1.0,
      0.3333333333333333,
      0.0,
      0.0,
      0.0,
      0.5,
      0.0,
      0.0,
      0.5,
      0.0,
      1.0,
      0.3333333333333333,
      0.0,
      0.0,
      0.6666666666666666,
      0.6666666666666666,
      0.0,
      1.0,
      0.0,
      0.0,
      0.0,
      0.3333333333333333,
      0.0,
      0.0,
      0.0,
      0.3333333333333333,
      0.6666666666666666,
      0.3333333333333333,
      0.3333333333333333,
      0.0,
      0.0,
      1.0,
      0.0,
      0.0,
      0.3333333333333333,
      0.0,
      0.0,
      0.0,
      1.0,
      0.0,
      0.0,
      1.0,
      0.0,
      0.0,
      1.0,
      0.3333333333333333,
      0.0,
      0.0,
      0.0,
      0.0,
      0.5,
      0.0,
      0.0,
      0.0,
      0.0,
      0.0,
      0.5,
      0.0,
      0.5,
      0.3333333333333333,
      0.0,
      1.0,
      0.0,
      1.0,
      0.0,
      0.0,
      0.0,
      0.0,
      0.0,
      0.0,
      0.0,
      0.5,
      0.0,
      0.0,
      1.0,
      0.0,
      0.3333333333333333,
      0.0,
      0.5,
      0.0,
      0.0,
      0.0,
      0.0,
      0.0,
      1.0,
      0.0,
      0.0,
      0.0,
      0.3333333333333333,
      0.5,
      0.0,
      0.0,
      0.0,
      0.0,
      0.0,
      0.3333333333333333,
      1.0,
      0.0,
      0.0,
      0.5
    ],
    "n_queries": 104
  },
  "knowledge_absorption": {
    "exact_match": 0.021791767554479417,
    "mean_f1": 0.09434469652559613,
    "contains": 0.021791767554479417,
    "fact_mean_f1": 0.09358370308726074,
    "fact_worst_f1": 0.06067894118249884,
    "contains_any_phrasing": 0.03,
    "contains_all_phrasings": 0.01,
    "n_facts": 200,
    "n_probes": 413
  },
  "locality": {
    "same_entity": {
      "exact_match": 0.0,
      "contains": 0.005494505494505495,
      "f1": 0.06226820671169641,
      "n": 182,
      "accuracy": 0.06226820671169641
    },
    "other_sector": {
      "exact_match": 0.007705008255365988,
      "contains": 0.020913593835993397,
      "f1": 0.050475630622717566,
      "n": 1817,
      "accuracy": 0.050475630622717566
    },
    "same_sector": {
      "exact_match": 0.0,
      "contains": 0.0,
      "f1": 0.0,
      "n": 1,
      "accuracy": 0.0
    },
    "overall": {
      "exact_match": 0.007,
      "contains": 0.0195,
      "f1": 0.05152351723150328,
      "n": 2000,
      "accuracy": 0.05152351723150328
    }
  }
}