method,rounds_with_data,preservation_mean_1to10,preservation_auc_trap,preservation_final_round,absorption_mean_1to10,absorption_auc_trap,absorption_final_round,locality_mean_1to10,locality_auc_trap,locality_final_round
naive_sft,15,0.21442307692307694,0.21274038461538458,0.2564102564102564,0.08081927145721109,0.08139055812234632,0.08755711345975033,0.0360933347055616,0.03619781285119612,0.04588437301673234
kl_reg_sft,15,0.22660256410256407,0.22756410256410256,0.2403846153846154,0.11396185253089094,0.11495820965816435,0.1183575079233884,0.05032567020261229,0.05053430191191371,0.048187162441102084
copr,14,0.23122710622710624,0.23019688644688643,0.22756410256410253,0.07546771326671255,0.07718206756646646,0.06200477096306633,0.02591810698865992,0.026006144940106973,0.02881840723439936
copr_gold_injection,14,0.2243589743589743,0.22384386446886445,0.2131410256410256,0.10994569814612677,0.11304379600014929,0.11539792030855602,0.05204462090636144,0.05310266324050839,0.0637045483113673
copr_gold_injection_anchored,14,0.1990613553113553,0.19722985347985347,0.1907051282051282,0.1068756582048229,0.10821270989814528,0.11887706215468706,0.05941737018745339,0.06094182569595103,0.07086381249915093
copr_anchored,13,0.23668639053254437,0.23689331501831498,0.2580128205128205,0.06371869863932986,0.0634023896435468,0.07637108262108258,0.029196163694094775,0.029186715747395914,0.036694906057994296
