method_a,method_b,n_shared_sites,mean_cos_first_angle,mean_cos_all_angles
copr,copr_gi,252,0.9968807413464501,0.8334556181752493
copr,copr_gi_anchored,252,0.9969034403089493,0.8354554512198009
copr,copr_anchored,252,0.9970943511478485,0.8185563428061349
copr_gi,copr_gi_anchored,252,0.9974896895980078,0.8676282720906394
copr_gi,copr_anchored,252,0.9968918547743842,0.8308239087225899
copr_gi_anchored,copr_anchored,252,0.9965967245045162,0.822619094025521
