{
  "task_preservation": {
    "mean": 0.23557692307692304,
    "std": 0.3463874745777894,
    "per_query": [
      0.0,
      0.3333333333333333,
      0.0,
      0.0,
      1.0,
      0.3333333333333333,
      0.0,
      0.0,
      0.0,
      0.5,
      0.0,
      0.0,
      0.5,
      0.0,
      0.6666666666666666,
      0.6666666666666666,
      0.0,
      0.0,
      0.6666666666666666,
      0.3333333333333333,
      0.0,
      1.0,
      0.0,
      0.0,
      0.0,
      0.3333333333333333,
      0.0,
      0.0,
      0.0,
      0.0,
      0.6666666666666666,
      0.3333333333333333,
      0.3333333333333333,
      0.0,
      0.0,
      1.0,
      0.0,
      0.0,
      0.3333333333333333,
      0.5,
      0.0,
      0.6666666666666666,
      1.0,
      0.0,
      0.0,
      1.0,
      0.0,
      0.0,
      1.0,
      0.3333333333333333,
      0.0,
      0.0,
      0.0,
      0.0,
      0.5,
      0.0,
      0.0,
      0.0,
      0.0,
      1.0,
      0.5,
      0.0,
      1.0,
      0.3333333333333333,
      0.0,
      0.0,
      0.0,
      1.0,
      0.5,
      0.0,
      0.5,
      0.0,
      0.0,
      0.0,
      0.0,
      0.5,
      0.0,
      0.0,
      1.0,
      0.0,
      0.3333333333333333,
      0.3333333333333333,
      0.0,
      0.0,
      0.0,
      0.0,
      0.0,
      0.0,
      1.0,
      0.0,
      0.0,
      0.0,
      0.3333333333333333,
      0.5,
      0.0,
      0.0,
      0.0,
      0.0,
      0.0,
      0.6666666666666666,
      1.0,
      0.0,
      0.0,
      0.0
    ],
    "n_queries": 104
  },
  "knowledge_absorption": {
    "exact_match": 0.13783783783783785,
    "mean_f1": 0.3078290628290628,
    "contains": 0.14864864864864866,
    "fact_mean_f1": 0.35657671495171506,
    "fact_worst_f1": 0.27023376623376616,
    "contains_any_phrasing": 0.195,
    "contains_all_phrasings": 0.08,
    "n_facts": 200,
    "n_probes": 370
  },
  "locality": {
    "same_entity": {
      "exact_match": 0.005494505494505495,
      "contains": 0.01098901098901099,
      "f1": 0.07775246731290684,
      "n": 182,
      "accuracy": 0.07775246731290684
    },
    "other_sector": {
      "exact_match": 0.0170610897083104,
      "contains": 0.023115024766097964,
      "f1": 0.09987020406170957,
      "n": 1817,
      "accuracy": 0.09987020406170957
    },
    "same_sector": {
      "exact_match": 0.0,
      "contains": 0.0,
      "f1": 0.0,
      "n": 1,
      "accuracy": 0.0
    },
    "overall": {
      "exact_match": 0.016,
      "contains": 0.022,
      "f1": 0.09780755491553766,
      "n": 2000,
      "accuracy": 0.09780755491553766
    }
  }
}