{
  "task_preservation": {
    "mean": 0.25320512820512814,
    "std": 0.33571327404030943,
    "per_query": [
      0.0,
      0.3333333333333333,
      0.0,
      0.3333333333333333,
      1.0,
      0.0,
      0.0,
      0.0,
      0.0,
      0.5,
      0.0,
      0.0,
      0.5,
      0.0,
      0.3333333333333333,
      0.6666666666666666,
      0.0,
      0.0,
      0.6666666666666666,
      0.3333333333333333,
      0.0,
      1.0,
      0.0,
      0.0,
      0.0,
      0.3333333333333333,
      0.0,
      0.0,
      0.0,
      0.0,
      0.6666666666666666,
      0.3333333333333333,
      0.3333333333333333,
      0.0,
      0.0,
      0.5,
      0.0,
      0.0,
      0.3333333333333333,
      0.0,
      0.3333333333333333,
      0.0,
      0.5,
      0.5,
      0.3333333333333333,
      1.0,
      0.0,
      0.0,
      1.0,
      0.3333333333333333,
      0.5,
      0.5,
      0.0,
      0.5,
      0.5,
      0.0,
      0.0,
      0.0,
      0.0,
      0.0,
      0.5,
      0.0,
      0.0,
      0.3333333333333333,
      0.0,
      1.0,
      0.0,
      1.0,
      0.0,
      0.0,
      0.5,
      0.0,
      0.0,
      0.0,
      0.0,
      0.5,
      1.0,
      0.0,
      1.0,
      0.0,
      0.3333333333333333,
      0.6666666666666666,
      0.0,
      0.0,
      0.6666666666666666,
      0.0,
      0.0,
      0.0,
      1.0,
      0.0,
      0.0,
      0.0,
      0.3333333333333333,
      0.5,
      0.0,
      0.0,
      0.0,
      0.0,
      0.0,
      1.0,
      1.0,
      0.3333333333333333,
      0.0,
      0.5
    ],
    "n_queries": 104
  },
  "knowledge_absorption": {
    "exact_match": 0.19086021505376344,
    "mean_f1": 0.3405558508464134,
    "contains": 0.1989247311827957,
    "fact_mean_f1": 0.4039973746378208,
    "fact_worst_f1": 0.3385053111457573,
    "contains_any_phrasing": 0.27,
    "contains_all_phrasings": 0.16,
    "n_facts": 200,
    "n_probes": 372
  },
  "locality": {
    "same_entity": {
      "exact_match": 0.016483516483516484,
      "contains": 0.02197802197802198,
      "f1": 0.07777639027639027,
      "n": 182,
      "accuracy": 0.07777639027639027
    },
    "other_sector": {
      "exact_match": 0.014859658778205834,
      "contains": 0.023665382498624106,
      "f1": 0.080704093759642,
      "n": 1817,
      "accuracy": 0.080704093759642
    },
    "same_sector": {
      "exact_match": 0.0,
      "contains": 0.0,
      "f1": 0.0,
      "n": 1,
      "accuracy": 0.0
    },
    "overall": {
      "exact_match": 0.015,
      "contains": 0.0235,
      "f1": 0.08039732069578628,
      "n": 2000,
      "accuracy": 0.08039732069578628
    }
  }
}