{
  "task_preservation": {
    "mean": 0.19230769230769232,
    "std": 0.32338457065716514,
    "per_query": [
      0.0,
      0.3333333333333333,
      0.0,
      0.0,
      1.0,
      0.3333333333333333,
      0.0,
      0.3333333333333333,
      0.0,
      0.5,
      0.0,
      0.0,
      0.0,
      0.0,
      0.6666666666666666,
      0.3333333333333333,
      0.0,
      0.0,
      0.6666666666666666,
      0.3333333333333333,
      0.0,
      1.0,
      0.0,
      0.0,
      0.0,
      0.3333333333333333,
      0.0,
      0.0,
      0.0,
      0.0,
      0.6666666666666666,
      0.3333333333333333,
      0.3333333333333333,
      0.0,
      0.0,
      1.0,
      0.0,
      0.0,
      0.0,
      0.0,
      0.0,
      0.6666666666666666,
      1.0,
      0.0,
      0.0,
      1.0,
      0.0,
      0.0,
      1.0,
      0.3333333333333333,
      0.5,
      0.0,
      0.0,
      0.0,
      0.0,
      0.0,
      0.0,
      0.0,
      0.0,
      0.0,
      0.0,
      0.0,
      0.5,
      0.3333333333333333,
      0.0,
      1.0,
      0.0,
      1.0,
      0.0,
      0.0,
      0.5,
      0.0,
      0.0,
      0.0,
      0.0,
      0.0,
      0.0,
      0.0,
      0.0,
      0.0,
      0.3333333333333333,
      0.0,
      0.0,
      0.0,
      0.0,
      0.0,
      0.0,
      0.0,
      1.0,
      0.0,
      0.0,
      0.0,
      0.3333333333333333,
      0.5,
      0.0,
      0.0,
      0.0,
      0.0,
      0.0,
      0.3333333333333333,
      1.0,
      0.0,
      0.0,
      0.5
    ],
    "n_queries": 104
  },
  "knowledge_absorption": {
    "exact_match": 0.010126582278481013,
    "mean_f1": 0.08000043794992884,
    "contains": 0.012658227848101266,
    "fact_mean_f1": 0.08743456137164803,
    "fact_worst_f1": 0.060625569924498725,
    "contains_any_phrasing": 0.02,
    "contains_all_phrasings": 0.01,
    "n_facts": 200,
    "n_probes": 395
  },
  "locality": {
    "same_entity": {
      "exact_match": 0.0,
      "contains": 0.0,
      "f1": 0.03605380922914485,
      "n": 182,
      "accuracy": 0.03605380922914485
    },
    "other_sector": {
      "exact_match": 0.008805723720418272,
      "contains": 0.023665382498624106,
      "f1": 0.03849443301500051,
      "n": 1817,
      "accuracy": 0.03849443301500051
    },
    "same_sector": {
      "exact_match": 0.0,
      "contains": 0.0,
      "f1": 0.0,
      "n": 1,
      "accuracy": 0.0
    },
    "overall": {
      "exact_match": 0.008,
      "contains": 0.0215,
      "f1": 0.03825308903398015,
      "n": 2000,
      "accuracy": 0.03825308903398015
    }
  }
}