{
  "task_preservation": {
    "mean": 0.2532051282051282,
    "std": 0.3396679886857224,
    "per_query": [
      0.0,
      0.3333333333333333,
      0.0,
      0.0,
      1.0,
      0.3333333333333333,
      0.5,
      0.3333333333333333,
      0.0,
      0.5,
      0.0,
      0.0,
      0.5,
      0.0,
      0.0,
      0.6666666666666666,
      0.3333333333333333,
      0.0,
      0.6666666666666666,
      0.3333333333333333,
      0.0,
      0.0,
      0.0,
      0.0,
      0.0,
      0.3333333333333333,
      0.0,
      0.0,
      0.0,
      0.0,
      0.0,
      0.3333333333333333,
      0.3333333333333333,
      0.0,
      0.0,
      1.0,
      0.0,
      0.0,
      0.0,
      0.5,
      0.0,
      0.6666666666666666,
      0.0,
      0.0,
      0.0,
      1.0,
      0.0,
      0.0,
      1.0,
      0.3333333333333333,
      0.5,
      0.0,
      0.0,
      0.5,
      0.5,
      0.0,
      0.0,
      0.0,
      0.0,
      1.0,
      0.5,
      0.0,
      0.5,
      0.3333333333333333,
      0.0,
      0.0,
      0.0,
      1.0,
      0.0,
      0.0,
      0.5,
      0.0,
      0.0,
      0.0,
      0.0,
      0.5,
      1.0,
      0.0,
      1.0,
      0.0,
      0.3333333333333333,
      0.6666666666666666,
      0.0,
      0.0,
      0.6666666666666666,
      0.0,
      0.3333333333333333,
      0.0,
      1.0,
      1.0,
      0.0,
      0.0,
      0.3333333333333333,
      0.0,
      0.0,
      0.0,
      0.6666666666666666,
      0.0,
      0.0,
      0.6666666666666666,
      1.0,
      0.3333333333333333,
      0.0,
      0.5
    ],
    "n_queries": 104
  },
  "knowledge_absorption": {
    "exact_match": 0.2828282828282828,
    "mean_f1": 0.3774126868378204,
    "contains": 0.28535353535353536,
    "fact_mean_f1": 0.4506555046260927,
    "fact_worst_f1": 0.34868398268398265,
    "contains_any_phrasing": 0.41,
    "contains_all_phrasings": 0.24,
    "n_facts": 200,
    "n_probes": 396
  },
  "locality": {
    "same_entity": {
      "exact_match": 0.016483516483516484,
      "contains": 0.02197802197802198,
      "f1": 0.10480580164646097,
      "n": 182,
      "accuracy": 0.10480580164646097
    },
    "other_sector": {
      "exact_match": 0.017611447440836543,
      "contains": 0.026417171161254815,
      "f1": 0.09618152945876464,
      "n": 1817,
      "accuracy": 0.09618152945876464
    },
    "same_sector": {
      "exact_match": 0.0,
      "contains": 0.0,
      "f1": 0.0,
      "n": 1,
      "accuracy": 0.0
    },
    "overall": {
      "exact_match": 0.0175,
      "contains": 0.026,
      "f1": 0.09691824746311563,
      "n": 2000,
      "accuracy": 0.09691824746311563
    }
  }
}