{
  "task_preservation": {
    "mean": 0.26282051282051283,
    "std": 0.3290528914797589,
    "per_query": [
      1.0,
      0.3333333333333333,
      0.0,
      0.3333333333333333,
      0.0,
      0.3333333333333333,
      0.0,
      0.6666666666666666,
      0.0,
      0.5,
      0.0,
      0.0,
      0.5,
      0.0,
      0.6666666666666666,
      0.3333333333333333,
      0.0,
      0.0,
      0.6666666666666666,
      0.6666666666666666,
      0.0,
      1.0,
      0.0,
      0.0,
      0.0,
      0.3333333333333333,
      0.0,
      0.0,
      0.0,
      0.0,
      0.3333333333333333,
      0.3333333333333333,
      0.3333333333333333,
      0.3333333333333333,
      0.0,
      0.5,
      0.0,
      0.0,
      0.3333333333333333,
      0.5,
      0.3333333333333333,
      0.0,
      0.5,
      0.0,
      0.0,
      1.0,
      0.0,
      0.0,
      1.0,
      0.3333333333333333,
      0.5,
      0.5,
      0.0,
      0.5,
      0.5,
      0.0,
      0.0,
      0.0,
      0.0,
      0.0,
      0.5,
      0.0,
      0.5,
      0.3333333333333333,
      0.0,
      1.0,
      0.0,
      1.0,
      0.5,
      0.0,
      0.5,
      0.0,
      0.0,
      0.0,
      0.0,
      0.5,
      1.0,
      0.0,
      1.0,
      0.0,
      0.3333333333333333,
      0.6666666666666666,
      0.0,
      0.0,
      0.6666666666666666,
      0.0,
      0.0,
      0.0,
      0.0,
      0.0,
      0.3333333333333333,
      0.0,
      0.3333333333333333,
      0.5,
      0.0,
      0.0,
      0.0,
      0.0,
      0.0,
      1.0,
      1.0,
      0.0,
      0.0,
      0.5
    ],
    "n_queries": 104
  },
  "knowledge_absorption": {
    "exact_match": 0.14054054054054055,
    "mean_f1": 0.3047555672555673,
    "contains": 0.15405405405405406,
    "fact_mean_f1": 0.3576383477633477,
    "fact_worst_f1": 0.266562950937951,
    "contains_any_phrasing": 0.205,
    "contains_all_phrasings": 0.085,
    "n_facts": 200,
    "n_probes": 370
  },
  "locality": {
    "same_entity": {
      "exact_match": 0.005494505494505495,
      "contains": 0.005494505494505495,
      "f1": 0.055485784057212634,
      "n": 182,
      "accuracy": 0.055485784057212634
    },
    "other_sector": {
      "exact_match": 0.014309301045679693,
      "contains": 0.020363236103467255,
      "f1": 0.08611866702362111,
      "n": 1817,
      "accuracy": 0.08611866702362111
    },
    "same_sector": {
      "exact_match": 0.0,
      "contains": 0.0,
      "f1": 0.0,
      "n": 1,
      "accuracy": 0.0
    },
    "overall": {
      "exact_match": 0.0135,
      "contains": 0.019,
      "f1": 0.08328801534016612,
      "n": 2000,
      "accuracy": 0.08328801534016612
    }
  }
}