{
  "task_preservation": {
    "mean": 0.22435897435897434,
    "std": 0.34341269835843263,
    "per_query": [
      0.0,
      0.3333333333333333,
      0.0,
      0.0,
      1.0,
      0.3333333333333333,
      0.0,
      0.0,
      0.0,
      0.5,
      0.0,
      0.0,
      0.5,
      0.0,
      0.6666666666666666,
      0.6666666666666666,
      0.0,
      0.0,
      0.6666666666666666,
      0.3333333333333333,
      0.0,
      1.0,
      0.0,
      0.0,
      0.0,
      0.3333333333333333,
      0.0,
      0.0,
      0.0,
      0.0,
      0.3333333333333333,
      0.3333333333333333,
      0.6666666666666666,
      0.0,
      0.0,
      1.0,
      0.0,
      0.0,
      0.0,
      0.5,
      0.0,
      0.0,
      1.0,
      0.0,
      0.0,
      1.0,
      0.0,
      0.0,
      1.0,
      0.3333333333333333,
      0.0,
      0.5,
      0.0,
      0.0,
      0.5,
      0.0,
      0.3333333333333333,
      0.0,
      0.0,
      0.0,
      0.5,
      0.0,
      0.0,
      0.3333333333333333,
      0.0,
      1.0,
      0.0,
      1.0,
      0.0,
      0.0,
      0.5,
      0.0,
      0.0,
      0.0,
      0.0,
      0.5,
      1.0,
      0.0,
      0.0,
      0.0,
      0.3333333333333333,
      0.0,
      0.0,
      0.0,
      0.0,
      0.0,
      0.0,
      0.0,
      1.0,
      0.0,
      0.0,
      0.0,
      0.3333333333333333,
      0.5,
      0.0,
      0.0,
      0.0,
      0.0,
      0.0,
      1.0,
      1.0,
      0.0,
      0.0,
      0.5
    ],
    "n_queries": 104
  },
  "knowledge_absorption": {
    "exact_match": 0.2658536585365854,
    "mean_f1": 0.37651302626912386,
    "contains": 0.2780487804878049,
    "fact_mean_f1": 0.4567900155400156,
    "fact_worst_f1": 0.34502594627594624,
    "contains_any_phrasing": 0.425,
    "contains_all_phrasings": 0.225,
    "n_facts": 200,
    "n_probes": 410
  },
  "locality": {
    "same_entity": {
      "exact_match": 0.005494505494505495,
      "contains": 0.016483516483516484,
      "f1": 0.0913420828255993,
      "n": 182,
      "accuracy": 0.0913420828255993
    },
    "other_sector": {
      "exact_match": 0.015410016510731976,
      "contains": 0.02201430930104568,
      "f1": 0.08831179636303602,
      "n": 1817,
      "accuracy": 0.08831179636303602
    },
    "same_sector": {
      "exact_match": 0.0,
      "contains": 0.0,
      "f1": 0.0,
      "n": 1,
      "accuracy": 0.0
    },
    "overall": {
      "exact_match": 0.0145,
      "contains": 0.0215,
      "f1": 0.08854339653294775,
      "n": 2000,
      "accuracy": 0.08854339653294775
    }
  }
}