{
  "task_preservation": {
    "mean": 0.203525641025641,
    "std": 0.3300776349119,
    "per_query": [
      0.0,
      1.0,
      0.0,
      0.3333333333333333,
      1.0,
      0.3333333333333333,
      0.0,
      0.0,
      0.0,
      0.5,
      0.0,
      0.0,
      0.0,
      0.0,
      0.6666666666666666,
      0.3333333333333333,
      0.0,
      0.0,
      0.3333333333333333,
      0.6666666666666666,
      0.0,
      1.0,
      0.0,
      0.0,
      0.0,
      0.3333333333333333,
      0.0,
      0.0,
      0.0,
      0.0,
      0.0,
      0.0,
      0.3333333333333333,
      0.0,
      0.0,
      1.0,
      0.0,
      0.0,
      0.3333333333333333,
      0.5,
      0.0,
      0.0,
      1.0,
      0.0,
      0.0,
      0.0,
      0.0,
      0.0,
      1.0,
      0.3333333333333333,
      0.0,
      0.0,
      0.0,
      0.0,
      0.0,
      0.0,
      0.3333333333333333,
      0.0,
      0.0,
      1.0,
      0.5,
      0.0,
      0.5,
      0.3333333333333333,
      0.0,
      1.0,
      0.0,
      0.0,
      0.0,
      0.0,
      0.5,
      0.0,
      0.0,
      0.0,
      0.0,
      0.0,
      0.0,
      0.0,
      0.0,
      0.0,
      0.3333333333333333,
      0.6666666666666666,
      0.5,
      0.0,
      0.3333333333333333,
      0.0,
      0.0,
      0.0,
      1.0,
      1.0,
      0.0,
      0.0,
      0.3333333333333333,
      0.5,
      0.0,
      0.0,
      0.0,
      0.0,
      0.0,
      0.3333333333333333,
      1.0,
      0.0,
      0.0,
      0.0
    ],
    "n_queries": 104
  },
  "knowledge_absorption": {
    "exact_match": 0.018886679920477135,
    "mean_f1": 0.12116468884065318,
    "contains": 0.02485089463220676,
    "fact_mean_f1": 0.12363277674681698,
    "fact_worst_f1": 0.09083645640049665,
    "contains_any_phrasing": 0.034,
    "contains_all_phrasings": 0.005,
    "n_facts": 1000,
    "n_probes": 2012
  },
  "locality": {
    "same_entity": {
      "exact_match": 0.005494505494505495,
      "contains": 0.005494505494505495,
      "f1": 0.05544455544455545,
      "n": 182,
      "accuracy": 0.05544455544455545
    },
    "other_sector": {
      "exact_match": 0.012658227848101266,
      "contains": 0.020363236103467255,
      "f1": 0.056389969273390544,
      "n": 1817,
      "accuracy": 0.056389969273390544
    },
    "same_sector": {
      "exact_match": 0.0,
      "contains": 0.0,
      "f1": 0.0,
      "n": 1,
      "accuracy": 0.0
    },
    "overall": {
      "exact_match": 0.012,
      "contains": 0.019,
      "f1": 0.056275741630329855,
      "n": 2000,
      "accuracy": 0.056275741630329855
    }
  }
}