{
  "task_preservation": {
    "mean": 0.24839743589743588,
    "std": 0.32848655177081465,
    "per_query": [
      1.0,
      0.3333333333333333,
      0.0,
      0.6666666666666666,
      1.0,
      0.0,
      0.5,
      0.0,
      0.0,
      0.5,
      0.0,
      0.0,
      0.5,
      0.0,
      0.6666666666666666,
      0.6666666666666666,
      0.0,
      0.0,
      0.6666666666666666,
      0.3333333333333333,
      0.0,
      1.0,
      0.0,
      0.0,
      0.0,
      0.3333333333333333,
      0.0,
      0.0,
      0.0,
      0.3333333333333333,
      0.3333333333333333,
      0.3333333333333333,
      0.3333333333333333,
      0.0,
      0.0,
      0.5,
      0.0,
      0.0,
      0.0,
      0.0,
      0.3333333333333333,
      0.0,
      0.5,
      0.0,
      0.6666666666666666,
      1.0,
      0.0,
      0.0,
      1.0,
      0.3333333333333333,
      0.5,
      0.5,
      0.0,
      0.0,
      0.5,
      0.0,
      0.0,
      0.0,
      0.0,
      0.0,
      0.5,
      0.0,
      0.0,
      0.3333333333333333,
      0.0,
      0.0,
      0.0,
      1.0,
      0.5,
      0.0,
      0.5,
      0.0,
      0.0,
      0.0,
      0.0,
      0.5,
      1.0,
      0.0,
      1.0,
      0.0,
      0.3333333333333333,
      0.6666666666666666,
      0.0,
      0.0,
      0.6666666666666666,
      0.0,
      0.0,
      0.0,
      0.5,
      0.0,
      0.0,
      0.0,
      0.3333333333333333,
      0.5,
      0.0,
      0.0,
      0.0,
      0.0,
      0.0,
      0.6666666666666666,
      1.0,
      0.0,
      0.0,
      0.5
    ],
    "n_queries": 104
  },
  "knowledge_absorption": {
    "exact_match": 0.2457002457002457,
    "mean_f1": 0.364820744366199,
    "contains": 0.25307125307125306,
    "fact_mean_f1": 0.4544465395715395,
    "fact_worst_f1": 0.360149531024531,
    "contains_any_phrasing": 0.39,
    "contains_all_phrasings": 0.23,
    "n_facts": 200,
    "n_probes": 407
  },
  "locality": {
    "same_entity": {
      "exact_match": 0.01098901098901099,
      "contains": 0.01098901098901099,
      "f1": 0.07489970347113203,
      "n": 182,
      "accuracy": 0.07489970347113203
    },
    "other_sector": {
      "exact_match": 0.01100715465052284,
      "contains": 0.01981287837094111,
      "f1": 0.07994040787655797,
      "n": 1817,
      "accuracy": 0.07994040787655797
    },
    "same_sector": {
      "exact_match": 0.0,
      "contains": 0.0,
      "f1": 0.0,
      "n": 1,
      "accuracy": 0.0
    },
    "overall": {
      "exact_match": 0.011,
      "contains": 0.019,
      "f1": 0.07944173357172592,
      "n": 2000,
      "accuracy": 0.07944173357172592
    }
  }
}