{
  "task_preservation": {
    "mean": 0.2580128205128205,
    "std": 0.3496639165491474,
    "per_query": [
      1.0,
      0.3333333333333333,
      0.0,
      0.3333333333333333,
      1.0,
      0.3333333333333333,
      0.0,
      0.0,
      0.0,
      0.5,
      0.0,
      0.0,
      0.0,
      0.0,
      0.6666666666666666,
      0.6666666666666666,
      0.0,
      0.0,
      0.6666666666666666,
      0.6666666666666666,
      0.0,
      1.0,
      0.0,
      0.0,
      0.0,
      0.3333333333333333,
      0.0,
      0.0,
      0.0,
      0.3333333333333333,
      0.3333333333333333,
      0.3333333333333333,
      0.3333333333333333,
      0.0,
      0.0,
      1.0,
      0.0,
      0.0,
      0.0,
      0.0,
      0.3333333333333333,
      0.0,
      0.5,
      0.0,
      0.3333333333333333,
      1.0,
      0.0,
      0.0,
      1.0,
      0.3333333333333333,
      0.5,
      1.0,
      0.0,
      0.0,
      0.5,
      0.0,
      0.0,
      0.0,
      0.0,
      0.0,
      0.5,
      0.0,
      1.0,
      0.3333333333333333,
      0.0,
      1.0,
      0.0,
      1.0,
      0.5,
      0.0,
      0.5,
      0.0,
      0.0,
      0.0,
      0.0,
      0.5,
      1.0,
      0.0,
      1.0,
      0.0,
      0.0,
      0.0,
      0.0,
      0.0,
      0.0,
      0.0,
      0.0,
      0.0,
      0.5,
      0.0,
      0.3333333333333333,
      0.0,
      0.3333333333333333,
      0.5,
      0.0,
      0.0,
      0.3333333333333333,
      0.0,
      0.0,
      0.6666666666666666,
      1.0,
      0.0,
      0.0,
      0.5
    ],
    "n_queries": 104
  },
  "knowledge_absorption": {
    "exact_match": 0.027227722772277228,
    "mean_f1": 0.14428971673798605,
    "contains": 0.03712871287128713,
    "fact_mean_f1": 0.15682975022788587,
    "fact_worst_f1": 0.11702955529611204,
    "contains_any_phrasing": 0.06,
    "contains_all_phrasings": 0.01,
    "n_facts": 200,
    "n_probes": 404
  },
  "locality": {
    "same_entity": {
      "exact_match": 0.005494505494505495,
      "contains": 0.005494505494505495,
      "f1": 0.06758241758241758,
      "n": 182,
      "accuracy": 0.06758241758241758
    },
    "other_sector": {
      "exact_match": 0.015410016510731976,
      "contains": 0.02531645569620253,
      "f1": 0.07298962077086489,
      "n": 1817,
      "accuracy": 0.07298962077086489
    },
    "same_sector": {
      "exact_match": 0.0,
      "contains": 0.0,
      "f1": 0.0,
      "n": 1,
      "accuracy": 0.0
    },
    "overall": {
      "exact_match": 0.0145,
      "contains": 0.0235,
      "f1": 0.07246107047033075,
      "n": 2000,
      "accuracy": 0.07246107047033075
    }
  }
}