{
  "task_preservation": {
    "mean": 0.2708333333333333,
    "std": 0.34913469041514916,
    "per_query": [
      0.0,
      0.3333333333333333,
      0.0,
      0.0,
      1.0,
      0.3333333333333333,
      0.5,
      0.6666666666666666,
      0.0,
      0.5,
      0.0,
      0.0,
      0.5,
      0.0,
      0.6666666666666666,
      0.6666666666666666,
      0.3333333333333333,
      0.0,
      0.6666666666666666,
      0.3333333333333333,
      0.0,
      1.0,
      0.0,
      0.0,
      0.0,
      0.3333333333333333,
      0.0,
      0.0,
      0.0,
      0.0,
      0.6666666666666666,
      0.3333333333333333,
      0.6666666666666666,
      0.0,
      0.0,
      1.0,
      0.0,
      0.0,
      0.0,
      0.5,
      0.0,
      0.6666666666666666,
      0.0,
      0.0,
      0.0,
      1.0,
      0.0,
      0.0,
      1.0,
      0.3333333333333333,
      0.0,
      0.0,
      0.0,
      0.5,
      0.5,
      0.0,
      0.0,
      0.0,
      0.0,
      0.0,
      0.5,
      0.0,
      1.0,
      0.3333333333333333,
      0.0,
      1.0,
      0.0,
      1.0,
      1.0,
      0.0,
      0.5,
      0.0,
      0.0,
      0.0,
      0.0,
      0.5,
      0.0,
      0.0,
      0.0,
      0.0,
      0.3333333333333333,
      0.6666666666666666,
      0.5,
      0.0,
      0.3333333333333333,
      0.0,
      0.3333333333333333,
      0.0,
      1.0,
      1.0,
      0.3333333333333333,
      0.0,
      0.3333333333333333,
      0.5,
      0.0,
      0.0,
      0.0,
      0.0,
      0.0,
      0.6666666666666666,
      1.0,
      0.3333333333333333,
      0.0,
      0.0
    ],
    "n_queries": 104
  },
  "knowledge_absorption": {
    "exact_match": 0.19901719901719903,
    "mean_f1": 0.32972543346874905,
    "contains": 0.21867321867321868,
    "fact_mean_f1": 0.4020828877005347,
    "fact_worst_f1": 0.3184739410915881,
    "contains_any_phrasing": 0.32,
    "contains_all_phrasings": 0.185,
    "n_facts": 200,
    "n_probes": 407
  },
  "locality": {
    "same_entity": {
      "exact_match": 0.005494505494505495,
      "contains": 0.01098901098901099,
      "f1": 0.08321380999952428,
      "n": 182,
      "accuracy": 0.08321380999952428
    },
    "other_sector": {
      "exact_match": 0.013208585580627407,
      "contains": 0.023115024766097964,
      "f1": 0.09420181581494338,
      "n": 1817,
      "accuracy": 0.09420181581494338
    },
    "same_sector": {
      "exact_match": 0.0,
      "contains": 0.0,
      "f1": 0.0,
      "n": 1,
      "accuracy": 0.0
    },
    "overall": {
      "exact_match": 0.0125,
      "contains": 0.022,
      "f1": 0.09315480637783277,
      "n": 2000,
      "accuracy": 0.09315480637783277
    }
  }
}