{
  "task_preservation": {
    "mean": 0.2548076923076923,
    "std": 0.333298660672055,
    "per_query": [
      0.0,
      0.3333333333333333,
      0.0,
      0.3333333333333333,
      1.0,
      0.3333333333333333,
      0.0,
      0.0,
      0.0,
      0.5,
      0.0,
      0.0,
      0.5,
      0.0,
      0.6666666666666666,
      0.6666666666666666,
      0.0,
      0.0,
      0.6666666666666666,
      0.6666666666666666,
      0.0,
      1.0,
      0.0,
      0.0,
      0.0,
      0.3333333333333333,
      0.0,
      0.0,
      0.0,
      0.0,
      0.3333333333333333,
      0.3333333333333333,
      0.3333333333333333,
      0.0,
      0.0,
      0.5,
      0.0,
      0.0,
      0.0,
      0.0,
      0.3333333333333333,
      0.0,
      0.0,
      0.0,
      0.6666666666666666,
      1.0,
      0.0,
      0.0,
      1.0,
      0.3333333333333333,
      0.5,
      0.5,
      0.0,
      0.5,
      0.5,
      0.0,
      0.0,
      0.0,
      0.0,
      0.0,
      0.5,
      0.0,
      0.5,
      0.3333333333333333,
      0.0,
      1.0,
      0.0,
      1.0,
      0.5,
      0.0,
      0.5,
      0.0,
      0.0,
      0.0,
      0.0,
      0.5,
      1.0,
      0.0,
      1.0,
      0.0,
      0.3333333333333333,
      0.6666666666666666,
      0.0,
      0.0,
      0.6666666666666666,
      0.0,
      0.0,
      0.0,
      0.5,
      0.0,
      0.3333333333333333,
      0.0,
      0.3333333333333333,
      0.5,
      0.0,
      0.0,
      0.0,
      0.0,
      0.0,
      1.0,
      1.0,
      0.0,
      0.0,
      0.5
    ],
    "n_queries": 104
  },
  "knowledge_absorption": {
    "exact_match": 0.20698924731182797,
    "mean_f1": 0.367802995198631,
    "contains": 0.21236559139784947,
    "fact_mean_f1": 0.439419126625009,
    "fact_worst_f1": 0.3641849996408819,
    "contains_any_phrasing": 0.295,
    "contains_all_phrasings": 0.165,
    "n_facts": 200,
    "n_probes": 372
  },
  "locality": {
    "same_entity": {
      "exact_match": 0.005494505494505495,
      "contains": 0.01098901098901099,
      "f1": 0.06597767312053027,
      "n": 182,
      "accuracy": 0.06597767312053027
    },
    "other_sector": {
      "exact_match": 0.014309301045679693,
      "contains": 0.01981287837094111,
      "f1": 0.06914686129817652,
      "n": 1817,
      "accuracy": 0.06914686129817652
    },
    "same_sector": {
      "exact_match": 0.0,
      "contains": 0.0,
      "f1": 0.0,
      "n": 1,
      "accuracy": 0.0
    },
    "overall": {
      "exact_match": 0.0135,
      "contains": 0.019,
      "f1": 0.06882389174336162,
      "n": 2000,
      "accuracy": 0.06882389174336162
    }
  }
}