{
  "task_preservation": {
    "mean": 0.282051282051282,
    "std": 0.36182476388897655,
    "per_query": [
      1.0,
      0.3333333333333333,
      0.0,
      0.3333333333333333,
      1.0,
      0.3333333333333333,
      0.0,
      0.0,
      0.0,
      0.5,
      0.0,
      0.0,
      0.5,
      0.0,
      0.3333333333333333,
      0.6666666666666666,
      0.0,
      0.0,
      0.6666666666666666,
      0.6666666666666666,
      0.0,
      1.0,
      0.0,
      0.0,
      0.0,
      0.3333333333333333,
      0.0,
      0.0,
      0.0,
      0.3333333333333333,
      0.3333333333333333,
      0.6666666666666666,
      0.3333333333333333,
      0.0,
      0.0,
      1.0,
      0.0,
      0.0,
      0.0,
      0.0,
      0.3333333333333333,
      0.0,
      1.0,
      0.0,
      0.0,
      1.0,
      0.0,
      0.0,
      1.0,
      0.3333333333333333,
      0.5,
      0.5,
      0.3333333333333333,
      0.5,
      0.5,
      0.0,
      0.0,
      0.0,
      0.0,
      0.0,
      0.5,
      1.0,
      0.0,
      0.3333333333333333,
      0.0,
      1.0,
      0.0,
      1.0,
      0.5,
      0.0,
      0.5,
      0.0,
      0.0,
      0.0,
      0.0,
      0.5,
      1.0,
      0.0,
      1.0,
      0.0,
      0.0,
      0.6666666666666666,
      0.0,
      0.0,
      0.3333333333333333,
      0.0,
      0.0,
      0.0,
      1.0,
      0.0,
      0.3333333333333333,
      0.0,
      0.3333333333333333,
      0.5,
      0.0,
      0.0,
      0.0,
      0.0,
      0.0,
      1.0,
      1.0,
      0.0,
      0.0,
      0.5
    ],
    "n_queries": 104
  },
  "knowledge_absorption": {
    "exact_match": 0.29081632653061223,
    "mean_f1": 0.41772382796818897,
    "contains": 0.29846938775510207,
    "fact_mean_f1": 0.49230003037897774,
    "fact_worst_f1": 0.36555183413078135,
    "contains_any_phrasing": 0.45,
    "contains_all_phrasings": 0.235,
    "n_facts": 200,
    "n_probes": 392
  },
  "locality": {
    "same_entity": {
      "exact_match": 0.0,
      "contains": 0.0,
      "f1": 0.07847890814923783,
      "n": 182,
      "accuracy": 0.07847890814923783
    },
    "other_sector": {
      "exact_match": 0.012658227848101266,
      "contains": 0.018712162905888827,
      "f1": 0.08877969438864844,
      "n": 1817,
      "accuracy": 0.08877969438864844
    },
    "same_sector": {
      "exact_match": 0.0,
      "contains": 0.0,
      "f1": 0.0,
      "n": 1,
      "accuracy": 0.0
    },
    "overall": {
      "exact_match": 0.0115,
      "contains": 0.017,
      "f1": 0.08779793299366775,
      "n": 2000,
      "accuracy": 0.08779793299366775
    }
  }
}