{
  "task_preservation": {
    "mean": 0.27564102564102566,
    "std": 0.36673166000994367,
    "per_query": [
      0.0,
      0.6666666666666666,
      0.0,
      0.0,
      1.0,
      0.3333333333333333,
      0.5,
      0.0,
      0.0,
      0.5,
      0.0,
      0.0,
      0.5,
      0.0,
      1.0,
      0.6666666666666666,
      0.0,
      0.0,
      0.6666666666666666,
      0.3333333333333333,
      0.0,
      1.0,
      0.0,
      0.0,
      0.0,
      0.3333333333333333,
      0.0,
      0.0,
      0.0,
      0.0,
      1.0,
      0.3333333333333333,
      0.6666666666666666,
      0.0,
      0.0,
      0.5,
      0.0,
      0.0,
      0.3333333333333333,
      0.0,
      0.0,
      0.6666666666666666,
      1.0,
      0.0,
      0.0,
      1.0,
      0.0,
      0.0,
      1.0,
      0.3333333333333333,
      1.0,
      0.5,
      0.0,
      1.0,
      0.5,
      0.0,
      0.0,
      0.0,
      0.0,
      0.0,
      0.5,
      0.0,
      0.5,
      0.3333333333333333,
      0.0,
      0.0,
      0.0,
      1.0,
      0.5,
      0.0,
      0.5,
      0.0,
      0.0,
      0.0,
      0.0,
      0.5,
      1.0,
      0.0,
      0.0,
      0.0,
      0.3333333333333333,
      0.3333333333333333,
      0.0,
      0.0,
      0.0,
      0.0,
      0.0,
      0.0,
      1.0,
      1.0,
      0.3333333333333333,
      0.0,
      0.3333333333333333,
      1.0,
      0.0,
      0.0,
      0.0,
      0.0,
      0.0,
      0.6666666666666666,
      1.0,
      0.0,
      0.0,
      0.5
    ],
    "n_queries": 104
  },
  "knowledge_absorption": {
    "exact_match": 0.24078624078624078,
    "mean_f1": 0.3612184441131809,
    "contains": 0.24324324324324326,
    "fact_mean_f1": 0.4392594279502175,
    "fact_worst_f1": 0.3370557242465137,
    "contains_any_phrasing": 0.365,
    "contains_all_phrasings": 0.21,
    "n_facts": 200,
    "n_probes": 407
  },
  "locality": {
    "same_entity": {
      "exact_match": 0.005494505494505495,
      "contains": 0.005494505494505495,
      "f1": 0.08850033382053087,
      "n": 182,
      "accuracy": 0.08850033382053087
    },
    "other_sector": {
      "exact_match": 0.012107870115575124,
      "contains": 0.017611447440836543,
      "f1": 0.09387069722888053,
      "n": 1817,
      "accuracy": 0.09387069722888053
    },
    "same_sector": {
      "exact_match": 0.0,
      "contains": 0.0,
      "f1": 0.0,
      "n": 1,
      "accuracy": 0.0
    },
    "overall": {
      "exact_match": 0.0115,
      "contains": 0.0165,
      "f1": 0.09333505881010627,
      "n": 2000,
      "accuracy": 0.09333505881010627
    }
  }
}