{
  "task_preservation": {
    "mean": 0.22275641025641024,
    "std": 0.3401628702120124,
    "per_query": [
      0.0,
      0.3333333333333333,
      0.0,
      0.3333333333333333,
      1.0,
      0.3333333333333333,
      0.0,
      0.0,
      0.0,
      0.5,
      0.0,
      0.0,
      0.0,
      0.0,
      0.6666666666666666,
      0.3333333333333333,
      0.0,
      0.0,
      0.6666666666666666,
      0.3333333333333333,
      0.0,
      1.0,
      0.0,
      0.0,
      0.0,
      0.3333333333333333,
      0.0,
      0.0,
      0.0,
      0.0,
      0.6666666666666666,
      0.3333333333333333,
      0.3333333333333333,
      0.0,
      0.0,
      1.0,
      0.0,
      0.0,
      0.0,
      0.0,
      0.0,
      0.0,
      1.0,
      0.0,
      0.0,
      1.0,
      0.0,
      0.0,
      1.0,
      0.3333333333333333,
      0.0,
      0.0,
      0.0,
      0.0,
      0.0,
      0.0,
      0.0,
      0.0,
      0.0,
      0.0,
      0.0,
      0.0,
      0.5,
      0.3333333333333333,
      0.0,
      1.0,
      0.0,
      1.0,
      0.0,
      0.5,
      0.5,
      0.0,
      0.0,
      0.0,
      0.0,
      0.5,
      0.0,
      0.0,
      1.0,
      0.0,
      0.3333333333333333,
      0.3333333333333333,
      0.5,
      0.0,
      0.6666666666666666,
      0.0,
      0.0,
      0.0,
      1.0,
      1.0,
      0.3333333333333333,
      0.0,
      0.3333333333333333,
      0.5,
      0.0,
      0.0,
      0.0,
      0.0,
      0.0,
      0.3333333333333333,
      1.0,
      0.0,
      0.0,
      0.0
    ],
    "n_queries": 104
  },
  "knowledge_absorption": {
    "exact_match": 0.008108108108108109,
    "mean_f1": 0.05472097106914451,
    "contains": 0.01891891891891892,
    "fact_mean_f1": 0.05134148739810827,
    "fact_worst_f1": 0.030892013261134128,
    "contains_any_phrasing": 0.03,
    "contains_all_phrasings": 0.0,
    "n_facts": 200,
    "n_probes": 370
  },
  "locality": {
    "same_entity": {
      "exact_match": 0.0,
      "contains": 0.0,
      "f1": 0.02281014940943428,
      "n": 182,
      "accuracy": 0.02281014940943428
    },
    "other_sector": {
      "exact_match": 0.002201430930104568,
      "contains": 0.023115024766097964,
      "f1": 0.024338610526149097,
      "n": 1817,
      "accuracy": 0.024338610526149097
    },
    "same_sector": {
      "exact_match": 0.0,
      "contains": 0.0,
      "f1": 0.0,
      "n": 1,
      "accuracy": 0.0
    },
    "overall": {
      "exact_match": 0.002,
      "contains": 0.021,
      "f1": 0.024187351259264977,
      "n": 2000,
      "accuracy": 0.024187351259264977
    }
  }
}