{
  "compositional": {
    "exact_match": 0.0,
    "contains_final_answer": 0.014,
    "contains_bridging_entity": 0.072,
    "token_f1": 0.06647484645317865,
    "n_probes": 500
  },
  "task_preservation": {
    "mean": 0.23237179487179485,
    "std": 0.34391712660712537,
    "per_query": [
      0.0,
      0.3333333333333333,
      0.0,
      0.0,
      1.0,
      0.3333333333333333,
      0.0,
      0.0,
      0.0,
      0.5,
      0.0,
      0.0,
      0.0,
      0.0,
      0.6666666666666666,
      0.3333333333333333,
      0.0,
      0.0,
      0.6666666666666666,
      0.6666666666666666,
      0.0,
      1.0,
      0.0,
      0.0,
      0.0,
      0.3333333333333333,
      0.0,
      0.0,
      0.0,
      0.0,
      0.6666666666666666,
      0.3333333333333333,
      0.0,
      0.3333333333333333,
      0.0,
      1.0,
      0.0,
      0.0,
      0.3333333333333333,
      0.0,
      0.0,
      0.0,
      1.0,
      0.0,
      0.0,
      1.0,
      0.0,
      0.0,
      1.0,
      0.3333333333333333,
      0.0,
      0.0,
      0.0,
      0.5,
      0.0,
      0.5,
      0.0,
      0.0,
      0.0,
      1.0,
      0.0,
      0.0,
      0.0,
      0.3333333333333333,
      0.0,
      0.0,
      0.0,
      1.0,
      0.0,
      0.5,
      0.5,
      0.0,
      0.0,
      0.0,
      0.0,
      0.5,
      0.0,
      0.0,
      1.0,
      0.0,
      0.3333333333333333,
      0.6666666666666666,
      0.5,
      0.0,
      0.0,
      0.0,
      0.0,
      0.0,
      1.0,
      1.0,
      0.3333333333333333,
      0.0,
      0.3333333333333333,
      0.5,
      0.0,
      0.0,
      0.0,
      0.0,
      0.0,
      0.3333333333333333,
      1.0,
      0.0,
      0.0,
      0.5
    ],
    "n_queries": 104
  },
  "knowledge_absorption": {
    "exact_match": 0.022277227722772276,
    "mean_f1": 0.1104500190399381,
    "contains": 0.03217821782178218,
    "fact_mean_f1": 0.10309309402928939,
    "fact_worst_f1": 0.0632313120204486,
    "contains_any_phrasing": 0.04,
    "contains_all_phrasings": 0.005,
    "n_facts": 200,
    "n_probes": 404
  },
  "locality": {
    "same_entity": {
      "exact_match": 0.0,
      "contains": 0.0,
      "f1": 0.02691734671518488,
      "n": 182,
      "accuracy": 0.02691734671518488
    },
    "other_sector": {
      "exact_match": 0.006053935057787562,
      "contains": 0.02201430930104568,
      "f1": 0.02606787668273354,
      "n": 1817,
      "accuracy": 0.02606787668273354
    },
    "same_sector": {
      "exact_match": 0.0,
      "contains": 0.0,
      "f1": 0.0,
      "n": 1,
      "accuracy": 0.0
    },
    "overall": {
      "exact_match": 0.0055,
      "contains": 0.02,
      "f1": 0.026132144517345246,
      "n": 2000,
      "accuracy": 0.026132144517345246
    }
  }
}