{
  "task_preservation": {
    "mean": 0.23557692307692307,
    "std": 0.3432892809390158,
    "per_query": [
      1.0,
      0.3333333333333333,
      0.0,
      0.0,
      1.0,
      0.3333333333333333,
      0.0,
      0.0,
      0.0,
      0.5,
      0.0,
      0.0,
      0.5,
      0.0,
      1.0,
      0.6666666666666666,
      0.3333333333333333,
      0.0,
      0.6666666666666666,
      0.3333333333333333,
      0.0,
      1.0,
      0.0,
      0.0,
      0.0,
      0.3333333333333333,
      0.0,
      0.0,
      0.0,
      0.0,
      0.6666666666666666,
      0.3333333333333333,
      0.3333333333333333,
      0.0,
      0.0,
      1.0,
      0.0,
      0.0,
      0.0,
      0.0,
      0.0,
      0.6666666666666666,
      1.0,
      0.0,
      0.0,
      1.0,
      0.0,
      0.0,
      1.0,
      0.3333333333333333,
      0.0,
      0.0,
      0.0,
      0.5,
      0.5,
      0.0,
      0.0,
      0.0,
      0.0,
      1.0,
      0.0,
      0.0,
      0.5,
      0.3333333333333333,
      0.0,
      0.0,
      0.0,
      1.0,
      0.0,
      0.0,
      0.5,
      0.0,
      0.0,
      0.0,
      0.0,
      0.5,
      0.0,
      0.0,
      0.0,
      0.0,
      0.3333333333333333,
      0.3333333333333333,
      0.0,
      0.0,
      0.0,
      0.0,
      0.3333333333333333,
      0.0,
      1.0,
      0.0,
      0.3333333333333333,
      0.0,
      0.3333333333333333,
      0.5,
      0.0,
      0.0,
      0.0,
      0.0,
      0.0,
      0.6666666666666666,
      1.0,
      0.0,
      0.0,
      0.5
    ],
    "n_queries": 104
  },
  "knowledge_absorption": {
    "exact_match": 0.12276214833759591,
    "mean_f1": 0.27064873928872735,
    "contains": 0.13554987212276215,
    "fact_mean_f1": 0.3185984440396205,
    "fact_worst_f1": 0.2592492376904141,
    "contains_any_phrasing": 0.175,
    "contains_all_phrasings": 0.095,
    "n_facts": 200,
    "n_probes": 391
  },
  "locality": {
    "same_entity": {
      "exact_match": 0.005494505494505495,
      "contains": 0.005494505494505495,
      "f1": 0.0665046491969569,
      "n": 182,
      "accuracy": 0.0665046491969569
    },
    "other_sector": {
      "exact_match": 0.014309301045679693,
      "contains": 0.022564667033571822,
      "f1": 0.07538726389752404,
      "n": 1817,
      "accuracy": 0.07538726389752404
    },
    "same_sector": {
      "exact_match": 0.0,
      "contains": 0.0,
      "f1": 0.0,
      "n": 1,
      "accuracy": 0.0
    },
    "overall": {
      "exact_match": 0.0135,
      "contains": 0.021,
      "f1": 0.07454125232782366,
      "n": 2000,
      "accuracy": 0.07454125232782366
    }
  }
}