{
  "task_preservation": {
    "mean": 0.24519230769230768,
    "std": 0.34742392235016034,
    "per_query": [
      1.0,
      0.3333333333333333,
      0.0,
      0.0,
      1.0,
      0.3333333333333333,
      0.0,
      0.0,
      0.0,
      0.5,
      0.0,
      0.0,
      0.0,
      0.0,
      0.3333333333333333,
      0.3333333333333333,
      0.3333333333333333,
      0.0,
      0.6666666666666666,
      0.3333333333333333,
      0.0,
      1.0,
      0.0,
      0.0,
      0.0,
      0.3333333333333333,
      0.0,
      0.0,
      0.0,
      0.0,
      0.6666666666666666,
      0.3333333333333333,
      0.6666666666666666,
      0.0,
      0.0,
      1.0,
      0.0,
      0.0,
      0.3333333333333333,
      0.5,
      0.0,
      0.0,
      1.0,
      0.0,
      0.0,
      1.0,
      0.0,
      0.0,
      1.0,
      0.3333333333333333,
      0.0,
      0.0,
      0.0,
      0.0,
      0.5,
      0.0,
      0.0,
      0.0,
      0.0,
      0.0,
      0.5,
      0.0,
      0.5,
      0.3333333333333333,
      0.0,
      1.0,
      0.0,
      1.0,
      0.0,
      0.0,
      0.5,
      0.0,
      0.0,
      0.0,
      0.0,
      0.5,
      0.0,
      0.0,
      1.0,
      0.0,
      0.3333333333333333,
      0.3333333333333333,
      0.5,
      0.0,
      0.3333333333333333,
      0.0,
      0.0,
      1.0,
      1.0,
      0.0,
      0.3333333333333333,
      0.0,
      0.3333333333333333,
      0.5,
      0.0,
      0.0,
      0.0,
      0.0,
      0.0,
      0.6666666666666666,
      1.0,
      0.0,
      0.0,
      0.0
    ],
    "n_queries": 104
  },
  "knowledge_absorption": {
    "exact_match": 0.016008004002001,
    "mean_f1": 0.11078757479505474,
    "contains": 0.024679006169751543,
    "fact_mean_f1": 0.10195495443008223,
    "fact_worst_f1": 0.06449977427134083,
    "contains_any_phrasing": 0.033,
    "contains_all_phrasings": 0.009,
    "n_facts": 3000,
    "n_probes": 5997
  },
  "locality": {
    "same_entity": {
      "exact_match": 0.0,
      "contains": 0.0,
      "f1": 0.030455420231599785,
      "n": 182,
      "accuracy": 0.030455420231599785
    },
    "other_sector": {
      "exact_match": 0.007154650522839846,
      "contains": 0.02146395156851954,
      "f1": 0.02927444174771343,
      "n": 1817,
      "accuracy": 0.02927444174771343
    },
    "same_sector": {
      "exact_match": 0.0,
      "contains": 0.0,
      "f1": 0.0,
      "n": 1,
      "accuracy": 0.0
    },
    "overall": {
      "exact_match": 0.0065,
      "contains": 0.0195,
      "f1": 0.029367273568873233,
      "n": 2000,
      "accuracy": 0.029367273568873233
    }
  }
}