{
  "task_preservation": {
    "mean": 0.28205128205128205,
    "std": 0.34597573765419576,
    "per_query": [
      0.0,
      0.3333333333333333,
      0.0,
      0.3333333333333333,
      1.0,
      0.0,
      0.0,
      0.0,
      0.0,
      0.5,
      0.0,
      0.0,
      0.5,
      0.0,
      0.6666666666666666,
      0.6666666666666666,
      0.0,
      0.0,
      0.6666666666666666,
      0.3333333333333333,
      0.0,
      1.0,
      0.0,
      0.0,
      0.0,
      0.3333333333333333,
      0.0,
      0.0,
      0.0,
      0.0,
      0.3333333333333333,
      0.6666666666666666,
      0.3333333333333333,
      0.0,
      0.0,
      0.5,
      0.0,
      0.0,
      0.3333333333333333,
      0.5,
      0.3333333333333333,
      0.6666666666666666,
      0.5,
      0.0,
      0.3333333333333333,
      1.0,
      0.0,
      0.0,
      1.0,
      0.3333333333333333,
      0.5,
      1.0,
      0.0,
      0.5,
      0.5,
      0.0,
      0.0,
      0.0,
      0.0,
      0.0,
      0.5,
      0.0,
      1.0,
      0.3333333333333333,
      0.0,
      1.0,
      0.0,
      1.0,
      1.0,
      0.0,
      0.5,
      0.0,
      0.0,
      0.0,
      0.0,
      0.5,
      1.0,
      0.0,
      1.0,
      0.0,
      0.3333333333333333,
      0.6666666666666666,
      0.0,
      0.0,
      0.6666666666666666,
      0.0,
      0.0,
      0.0,
      0.5,
      0.0,
      0.3333333333333333,
      0.0,
      0.3333333333333333,
      0.5,
      0.0,
      0.0,
      0.3333333333333333,
      0.0,
      0.0,
      0.6666666666666666,
      1.0,
      0.0,
      0.0,
      0.5
    ],
    "n_queries": 104
  },
  "knowledge_absorption": {
    "exact_match": 0.0392156862745098,
    "mean_f1": 0.12702828617621,
    "contains": 0.061274509803921566,
    "fact_mean_f1": 0.13846111649788118,
    "fact_worst_f1": 0.10501865618042089,
    "contains_any_phrasing": 0.08,
    "contains_all_phrasings": 0.03,
    "n_facts": 200,
    "n_probes": 408
  },
  "locality": {
    "same_entity": {
      "exact_match": 0.0,
      "contains": 0.0,
      "f1": 0.0663265306122449,
      "n": 182,
      "accuracy": 0.0663265306122449
    },
    "other_sector": {
      "exact_match": 0.012658227848101266,
      "contains": 0.02476609796367639,
      "f1": 0.0710246349542311,
      "n": 1817,
      "accuracy": 0.0710246349542311
    },
    "same_sector": {
      "exact_match": 0.0,
      "contains": 0.0,
      "f1": 0.0,
      "n": 1,
      "accuracy": 0.0
    },
    "overall": {
      "exact_match": 0.0115,
      "contains": 0.0225,
      "f1": 0.07056159514163325,
      "n": 2000,
      "accuracy": 0.07056159514163325
    }
  }
}