{
  "task_preservation": {
    "mean": 0.25801282051282054,
    "std": 0.35572230575266633,
    "per_query": [
      0.0,
      0.6666666666666666,
      0.0,
      0.0,
      1.0,
      0.3333333333333333,
      0.5,
      0.0,
      0.0,
      0.5,
      0.0,
      0.0,
      0.5,
      0.0,
      0.6666666666666666,
      0.6666666666666666,
      0.0,
      0.0,
      0.6666666666666666,
      0.3333333333333333,
      0.0,
      1.0,
      0.0,
      0.0,
      0.0,
      0.3333333333333333,
      0.0,
      0.0,
      0.0,
      0.0,
      0.6666666666666666,
      0.3333333333333333,
      0.3333333333333333,
      0.0,
      0.0,
      1.0,
      0.0,
      0.0,
      0.0,
      0.0,
      0.0,
      0.6666666666666666,
      0.5,
      0.5,
      0.0,
      1.0,
      0.0,
      0.0,
      1.0,
      0.3333333333333333,
      0.0,
      0.5,
      0.0,
      1.0,
      0.5,
      0.0,
      0.0,
      0.0,
      0.0,
      0.0,
      0.5,
      0.0,
      0.5,
      0.3333333333333333,
      0.0,
      0.0,
      0.0,
      1.0,
      0.0,
      0.0,
      0.5,
      0.0,
      0.0,
      0.0,
      0.0,
      0.0,
      1.0,
      0.0,
      1.0,
      0.0,
      0.3333333333333333,
      0.3333333333333333,
      0.0,
      0.0,
      0.0,
      0.0,
      0.0,
      0.0,
      1.0,
      1.0,
      0.0,
      0.0,
      0.3333333333333333,
      1.0,
      0.0,
      0.0,
      0.0,
      0.0,
      0.3333333333333333,
      0.6666666666666666,
      1.0,
      0.0,
      0.0,
      0.5
    ],
    "n_queries": 104
  },
  "knowledge_absorption": {
    "exact_match": 0.20759493670886076,
    "mean_f1": 0.31572391991230425,
    "contains": 0.20759493670886076,
    "fact_mean_f1": 0.3942679382164679,
    "fact_worst_f1": 0.32099918627124496,
    "contains_any_phrasing": 0.29,
    "contains_all_phrasings": 0.17,
    "n_facts": 200,
    "n_probes": 395
  },
  "locality": {
    "same_entity": {
      "exact_match": 0.0,
      "contains": 0.005494505494505495,
      "f1": 0.06435414402447369,
      "n": 182,
      "accuracy": 0.06435414402447369
    },
    "other_sector": {
      "exact_match": 0.012658227848101266,
      "contains": 0.020363236103467255,
      "f1": 0.08377673304928976,
      "n": 1817,
      "accuracy": 0.08377673304928976
    },
    "same_sector": {
      "exact_match": 0.0,
      "contains": 0.0,
      "f1": 0.0,
      "n": 1,
      "accuracy": 0.0
    },
    "overall": {
      "exact_match": 0.0115,
      "contains": 0.019,
      "f1": 0.08196738908150686,
      "n": 2000,
      "accuracy": 0.08196738908150686
    }
  }
}