{
  "task_preservation": {
    "mean": 0.24999999999999997,
    "std": 0.35051854139723887,
    "per_query": [
      0.0,
      0.3333333333333333,
      0.0,
      0.0,
      1.0,
      0.3333333333333333,
      0.0,
      0.3333333333333333,
      0.0,
      0.5,
      0.0,
      0.0,
      0.5,
      0.0,
      1.0,
      0.3333333333333333,
      0.0,
      0.0,
      0.6666666666666666,
      0.6666666666666666,
      0.0,
      1.0,
      0.0,
      0.0,
      0.0,
      0.3333333333333333,
      0.0,
      0.0,
      0.0,
      0.0,
      0.3333333333333333,
      0.6666666666666666,
      0.3333333333333333,
      0.0,
      0.0,
      1.0,
      0.0,
      0.0,
      0.3333333333333333,
      0.0,
      0.0,
      0.0,
      1.0,
      0.5,
      0.0,
      1.0,
      0.0,
      0.0,
      1.0,
      0.3333333333333333,
      0.0,
      0.0,
      0.0,
      0.0,
      0.5,
      0.0,
      0.0,
      0.0,
      0.0,
      1.0,
      0.5,
      0.0,
      0.5,
      0.3333333333333333,
      0.0,
      1.0,
      0.0,
      1.0,
      0.0,
      0.0,
      0.5,
      0.0,
      0.0,
      0.0,
      0.0,
      0.5,
      0.0,
      0.0,
      1.0,
      0.0,
      0.3333333333333333,
      0.3333333333333333,
      0.0,
      0.0,
      0.6666666666666666,
      0.0,
      0.0,
      0.0,
      1.0,
      0.0,
      0.3333333333333333,
      0.0,
      0.3333333333333333,
      0.5,
      0.0,
      0.0,
      0.0,
      0.0,
      0.0,
      0.6666666666666666,
      1.0,
      0.0,
      0.0,
      0.5
    ],
    "n_queries": 104
  },
  "knowledge_absorption": {
    "exact_match": 0.02557544757033248,
    "mean_f1": 0.08591222942016981,
    "contains": 0.03580562659846547,
    "fact_mean_f1": 0.08046305256519368,
    "fact_worst_f1": 0.058382041256241204,
    "contains_any_phrasing": 0.03,
    "contains_all_phrasings": 0.025,
    "n_facts": 200,
    "n_probes": 391
  },
  "locality": {
    "same_entity": {
      "exact_match": 0.0,
      "contains": 0.005494505494505495,
      "f1": 0.03971585633021108,
      "n": 182,
      "accuracy": 0.03971585633021108
    },
    "other_sector": {
      "exact_match": 0.006604292790313704,
      "contains": 0.026417171161254815,
      "f1": 0.032477652693802844,
      "n": 1817,
      "accuracy": 0.032477652693802844
    },
    "same_sector": {
      "exact_match": 0.0,
      "contains": 0.0,
      "f1": 0.0,
      "n": 1,
      "accuracy": 0.0
    },
    "overall": {
      "exact_match": 0.006,
      "contains": 0.0245,
      "f1": 0.03312009039836909,
      "n": 2000,
      "accuracy": 0.03312009039836909
    }
  }
}