{
  "task_preservation": {
    "mean": 0.2532051282051282,
    "std": 0.3535388622954889,
    "per_query": [
      1.0,
      0.6666666666666666,
      0.0,
      0.3333333333333333,
      1.0,
      0.3333333333333333,
      0.0,
      0.0,
      0.0,
      0.5,
      0.0,
      0.0,
      0.5,
      0.0,
      1.0,
      0.3333333333333333,
      0.3333333333333333,
      0.0,
      0.6666666666666666,
      0.3333333333333333,
      0.0,
      1.0,
      0.0,
      0.0,
      0.0,
      0.3333333333333333,
      0.0,
      0.0,
      0.0,
      0.3333333333333333,
      1.0,
      0.3333333333333333,
      0.6666666666666666,
      0.0,
      0.0,
      1.0,
      0.0,
      0.0,
      0.0,
      0.0,
      0.0,
      0.6666666666666666,
      1.0,
      0.0,
      0.0,
      1.0,
      0.0,
      0.0,
      1.0,
      0.3333333333333333,
      0.0,
      0.0,
      0.0,
      0.0,
      0.5,
      0.0,
      0.3333333333333333,
      0.0,
      0.0,
      0.0,
      0.5,
      0.0,
      1.0,
      0.3333333333333333,
      0.0,
      1.0,
      0.0,
      1.0,
      0.0,
      0.0,
      0.5,
      0.0,
      0.0,
      0.0,
      0.0,
      0.5,
      0.0,
      0.0,
      0.0,
      0.0,
      0.3333333333333333,
      0.3333333333333333,
      0.0,
      0.0,
      0.0,
      0.0,
      0.3333333333333333,
      0.0,
      1.0,
      0.0,
      0.3333333333333333,
      0.0,
      0.3333333333333333,
      0.5,
      0.0,
      0.0,
      0.0,
      0.0,
      0.0,
      0.3333333333333333,
      1.0,
      0.0,
      0.0,
      0.5
    ],
    "n_queries": 104
  },
  "knowledge_absorption": {
    "exact_match": 0.040186760046690015,
    "mean_f1": 0.17343341705378945,
    "contains": 0.04719026179756545,
    "fact_mean_f1": 0.18157397266019457,
    "fact_worst_f1": 0.14173925691701528,
    "contains_any_phrasing": 0.06,
    "contains_all_phrasings": 0.022333333333333334,
    "n_facts": 3000,
    "n_probes": 5997
  },
  "locality": {
    "same_entity": {
      "exact_match": 0.01098901098901099,
      "contains": 0.01098901098901099,
      "f1": 0.07554112554112553,
      "n": 182,
      "accuracy": 0.07554112554112553
    },
    "other_sector": {
      "exact_match": 0.01651073197578426,
      "contains": 0.024215740231150248,
      "f1": 0.07073630475252753,
      "n": 1817,
      "accuracy": 0.07073630475252753
    },
    "same_sector": {
      "exact_match": 0.0,
      "contains": 0.0,
      "f1": 0.0,
      "n": 1,
      "accuracy": 0.0
    },
    "overall": {
      "exact_match": 0.016,
      "contains": 0.023,
      "f1": 0.07113817529191369,
      "n": 2000,
      "accuracy": 0.07113817529191369
    }
  }
}