{
  "task_preservation": {
    "mean": 0.2548076923076923,
    "std": 0.3542754212881026,
    "per_query": [
      1.0,
      0.3333333333333333,
      0.0,
      0.3333333333333333,
      1.0,
      0.3333333333333333,
      0.0,
      0.0,
      0.0,
      0.5,
      0.0,
      0.0,
      0.0,
      0.0,
      1.0,
      0.3333333333333333,
      0.0,
      0.0,
      0.6666666666666666,
      0.6666666666666666,
      0.0,
      1.0,
      0.0,
      0.0,
      0.0,
      0.3333333333333333,
      0.0,
      0.0,
      0.0,
      0.0,
      0.6666666666666666,
      0.3333333333333333,
      0.0,
      0.0,
      0.0,
      1.0,
      0.0,
      1.0,
      0.3333333333333333,
      0.0,
      0.0,
      0.0,
      0.5,
      0.0,
      0.0,
      1.0,
      0.0,
      0.0,
      1.0,
      0.3333333333333333,
      0.0,
      0.0,
      0.0,
      0.5,
      0.0,
      0.0,
      0.3333333333333333,
      0.0,
      0.5,
      0.0,
      0.0,
      0.0,
      0.5,
      0.3333333333333333,
      0.0,
      0.0,
      0.0,
      1.0,
      0.0,
      0.0,
      0.5,
      0.0,
      0.0,
      0.0,
      0.0,
      0.5,
      1.0,
      0.0,
      1.0,
      0.5,
      0.3333333333333333,
      0.6666666666666666,
      0.0,
      0.0,
      0.3333333333333333,
      0.0,
      0.3333333333333333,
      0.0,
      1.0,
      1.0,
      0.3333333333333333,
      0.0,
      0.3333333333333333,
      0.5,
      0.0,
      0.0,
      0.0,
      0.0,
      0.0,
      0.3333333333333333,
      1.0,
      0.0,
      0.0,
      0.0
    ],
    "n_queries": 104
  },
  "knowledge_absorption": {
    "exact_match": 0.02158273381294964,
    "mean_f1": 0.09840284485264152,
    "contains": 0.03117505995203837,
    "fact_mean_f1": 0.11175128072410676,
    "fact_worst_f1": 0.09325723310505922,
    "contains_any_phrasing": 0.04,
    "contains_all_phrasings": 0.02,
    "n_facts": 200,
    "n_probes": 417
  },
  "locality": {
    "same_entity": {
      "exact_match": 0.0,
      "contains": 0.0,
      "f1": 0.050686031720514474,
      "n": 182,
      "accuracy": 0.050686031720514474
    },
    "other_sector": {
      "exact_match": 0.012658227848101266,
      "contains": 0.020363236103467255,
      "f1": 0.054283101460872375,
      "n": 1817,
      "accuracy": 0.054283101460872375
    },
    "same_sector": {
      "exact_match": 0.0,
      "contains": 0.0,
      "f1": 0.0,
      "n": 1,
      "accuracy": 0.0
    },
    "overall": {
      "exact_match": 0.0115,
      "contains": 0.0185,
      "f1": 0.05392862656376937,
      "n": 2000,
      "accuracy": 0.05392862656376937
    }
  }
}