{
  "task_preservation": {
    "mean": 0.23076923076923078,
    "std": 0.34615384615384615,
    "per_query": [
      1.0,
      0.3333333333333333,
      0.0,
      0.3333333333333333,
      1.0,
      0.3333333333333333,
      0.0,
      0.3333333333333333,
      0.0,
      0.5,
      0.0,
      0.0,
      0.0,
      0.0,
      1.0,
      0.3333333333333333,
      0.0,
      0.0,
      0.6666666666666666,
      0.3333333333333333,
      0.0,
      1.0,
      0.0,
      0.0,
      0.0,
      0.3333333333333333,
      0.0,
      0.0,
      0.0,
      0.0,
      0.6666666666666666,
      0.0,
      0.0,
      0.0,
      0.0,
      1.0,
      0.0,
      0.0,
      0.3333333333333333,
      0.5,
      0.0,
      0.0,
      1.0,
      0.0,
      0.0,
      1.0,
      0.0,
      0.0,
      1.0,
      0.3333333333333333,
      0.0,
      0.0,
      0.0,
      0.5,
      0.5,
      0.0,
      0.3333333333333333,
      0.0,
      0.0,
      0.0,
      0.0,
      0.0,
      0.5,
      0.3333333333333333,
      0.0,
      1.0,
      0.0,
      0.0,
      0.0,
      0.0,
      0.5,
      0.0,
      0.0,
      0.0,
      0.0,
      0.0,
      1.0,
      0.0,
      0.0,
      0.0,
      0.3333333333333333,
      0.6666666666666666,
      0.5,
      0.0,
      0.0,
      0.0,
      0.3333333333333333,
      0.0,
      1.0,
      1.0,
      0.0,
      0.0,
      0.3333333333333333,
      0.5,
      0.0,
      0.0,
      0.0,
      0.0,
      0.0,
      0.3333333333333333,
      1.0,
      0.0,
      0.0,
      0.0
    ],
    "n_queries": 104
  },
  "knowledge_absorption": {
    "exact_match": 0.01891891891891892,
    "mean_f1": 0.08627359877359875,
    "contains": 0.01891891891891892,
    "fact_mean_f1": 0.09631275668775668,
    "fact_worst_f1": 0.06806178543678543,
    "contains_any_phrasing": 0.03,
    "contains_all_phrasings": 0.005,
    "n_facts": 200,
    "n_probes": 370
  },
  "locality": {
    "same_entity": {
      "exact_match": 0.0,
      "contains": 0.0,
      "f1": 0.05050061050061049,
      "n": 182,
      "accuracy": 0.05050061050061049
    },
    "other_sector": {
      "exact_match": 0.012658227848101266,
      "contains": 0.020363236103467255,
      "f1": 0.04933350211656137,
      "n": 1817,
      "accuracy": 0.04933350211656137
    },
    "same_sector": {
      "exact_match": 0.0,
      "contains": 0.0,
      "f1": 0.0,
      "n": 1,
      "accuracy": 0.0
    },
    "overall": {
      "exact_match": 0.0115,
      "contains": 0.0185,
      "f1": 0.04941504222845156,
      "n": 2000,
      "accuracy": 0.04941504222845156
    }
  }
}