{
  "task_preservation": {
    "mean": 0.23237179487179485,
    "std": 0.35083711645348165,
    "per_query": [
      0.0,
      0.3333333333333333,
      0.0,
      0.0,
      1.0,
      0.3333333333333333,
      0.0,
      0.0,
      0.0,
      0.5,
      0.0,
      0.0,
      0.0,
      0.0,
      0.6666666666666666,
      0.3333333333333333,
      0.0,
      0.0,
      0.6666666666666666,
      0.6666666666666666,
      0.0,
      1.0,
      0.0,
      0.0,
      0.0,
      0.3333333333333333,
      0.0,
      0.0,
      0.0,
      0.0,
      0.6666666666666666,
      0.6666666666666666,
      0.0,
      0.0,
      0.0,
      1.0,
      0.0,
      0.0,
      0.3333333333333333,
      0.0,
      0.0,
      0.0,
      1.0,
      0.0,
      0.0,
      1.0,
      0.0,
      0.0,
      1.0,
      0.3333333333333333,
      0.0,
      0.0,
      0.0,
      0.0,
      0.0,
      0.0,
      0.0,
      0.0,
      0.0,
      1.0,
      0.0,
      0.0,
      0.0,
      0.3333333333333333,
      0.0,
      1.0,
      0.0,
      1.0,
      0.5,
      0.5,
      0.5,
      0.0,
      0.0,
      0.0,
      0.0,
      0.5,
      0.0,
      0.0,
      1.0,
      0.0,
      0.3333333333333333,
      0.3333333333333333,
      0.5,
      0.0,
      0.0,
      0.0,
      0.3333333333333333,
      0.0,
      1.0,
      0.0,
      0.3333333333333333,
      1.0,
      0.3333333333333333,
      0.5,
      0.0,
      0.0,
      0.0,
      0.0,
      0.0,
      0.3333333333333333,
      1.0,
      0.0,
      0.0,
      0.0
    ],
    "n_queries": 104
  },
  "knowledge_absorption": {
    "exact_match": 0.0171990171990172,
    "mean_f1": 0.08681121466136138,
    "contains": 0.022113022113022112,
    "fact_mean_f1": 0.08764977732482587,
    "fact_worst_f1": 0.055939709614758165,
    "contains_any_phrasing": 0.03,
    "contains_all_phrasings": 0.015,
    "n_facts": 200,
    "n_probes": 407
  },
  "locality": {
    "same_entity": {
      "exact_match": 0.0,
      "contains": 0.0,
      "f1": 0.02387365951543383,
      "n": 182,
      "accuracy": 0.02387365951543383
    },
    "other_sector": {
      "exact_match": 0.007154650522839846,
      "contains": 0.02146395156851954,
      "f1": 0.028931628935866042,
      "n": 1817,
      "accuracy": 0.028931628935866042
    },
    "same_sector": {
      "exact_match": 0.0,
      "contains": 0.0,
      "f1": 0.0,
      "n": 1,
      "accuracy": 0.0
    },
    "overall": {
      "exact_match": 0.0065,
      "contains": 0.0195,
      "f1": 0.028456887904138778,
      "n": 2000,
      "accuracy": 0.028456887904138778
    }
  }
}