{
  "task_preservation": {
    "mean": 0.2532051282051282,
    "std": 0.3325156390759865,
    "per_query": [
      1.0,
      0.3333333333333333,
      0.0,
      0.3333333333333333,
      1.0,
      0.0,
      0.0,
      0.0,
      0.0,
      0.5,
      0.0,
      0.0,
      0.5,
      0.0,
      0.6666666666666666,
      0.6666666666666666,
      0.0,
      0.0,
      0.6666666666666666,
      0.6666666666666666,
      0.0,
      1.0,
      0.0,
      0.0,
      0.0,
      0.3333333333333333,
      0.0,
      0.0,
      0.0,
      0.0,
      0.3333333333333333,
      0.6666666666666666,
      0.3333333333333333,
      0.0,
      0.0,
      0.5,
      0.0,
      0.0,
      0.0,
      0.5,
      0.3333333333333333,
      0.6666666666666666,
      0.5,
      0.0,
      0.6666666666666666,
      1.0,
      0.0,
      0.0,
      1.0,
      0.3333333333333333,
      0.5,
      0.5,
      0.0,
      0.5,
      0.0,
      0.0,
      0.0,
      0.0,
      0.0,
      0.0,
      0.5,
      0.0,
      0.0,
      0.3333333333333333,
      0.0,
      1.0,
      0.0,
      1.0,
      0.5,
      0.0,
      0.5,
      0.0,
      0.0,
      0.0,
      0.0,
      0.5,
      1.0,
      0.0,
      1.0,
      0.0,
      0.0,
      0.3333333333333333,
      0.0,
      0.0,
      0.3333333333333333,
      0.0,
      0.0,
      0.0,
      0.0,
      0.0,
      0.3333333333333333,
      0.0,
      0.3333333333333333,
      0.5,
      0.0,
      0.0,
      0.0,
      0.0,
      0.0,
      0.3333333333333333,
      1.0,
      0.3333333333333333,
      0.0,
      0.5
    ],
    "n_queries": 104
  },
  "knowledge_absorption": {
    "exact_match": 0.053164556962025315,
    "mean_f1": 0.10601932732610317,
    "contains": 0.053164556962025315,
    "fact_mean_f1": 0.11668649079678495,
    "fact_worst_f1": 0.09518088855588859,
    "contains_any_phrasing": 0.05,
    "contains_all_phrasings": 0.035,
    "n_facts": 200,
    "n_probes": 395
  },
  "locality": {
    "same_entity": {
      "exact_match": 0.01098901098901099,
      "contains": 0.01098901098901099,
      "f1": 0.06666666666666667,
      "n": 182,
      "accuracy": 0.06666666666666667
    },
    "other_sector": {
      "exact_match": 0.013208585580627407,
      "contains": 0.023665382498624106,
      "f1": 0.07432965297312266,
      "n": 1817,
      "accuracy": 0.07432965297312266
    },
    "same_sector": {
      "exact_match": 0.0,
      "contains": 0.0,
      "f1": 0.0,
      "n": 1,
      "accuracy": 0.0
    },
    "overall": {
      "exact_match": 0.013,
      "contains": 0.0225,
      "f1": 0.0735951563927486,
      "n": 2000,
      "accuracy": 0.0735951563927486
    }
  }
}