{
  "task_preservation": {
    "mean": 0.23717948717948717,
    "std": 0.35028400236703205,
    "per_query": [
      1.0,
      0.3333333333333333,
      0.0,
      0.0,
      1.0,
      0.3333333333333333,
      0.0,
      0.0,
      0.0,
      0.5,
      0.0,
      0.0,
      0.0,
      0.0,
      0.6666666666666666,
      0.3333333333333333,
      0.0,
      0.0,
      0.6666666666666666,
      0.3333333333333333,
      0.0,
      1.0,
      0.0,
      0.0,
      0.0,
      0.3333333333333333,
      0.0,
      0.0,
      0.0,
      0.0,
      0.6666666666666666,
      0.3333333333333333,
      0.6666666666666666,
      0.0,
      0.0,
      1.0,
      0.0,
      0.0,
      0.3333333333333333,
      0.5,
      0.0,
      0.0,
      1.0,
      0.0,
      0.0,
      1.0,
      0.0,
      0.0,
      1.0,
      0.3333333333333333,
      0.0,
      0.0,
      0.0,
      0.0,
      0.5,
      0.0,
      0.0,
      0.0,
      0.0,
      0.0,
      0.5,
      0.0,
      0.5,
      0.3333333333333333,
      0.0,
      1.0,
      0.0,
      1.0,
      0.0,
      0.5,
      0.5,
      0.0,
      0.0,
      0.0,
      0.0,
      0.0,
      0.0,
      0.0,
      1.0,
      0.5,
      0.3333333333333333,
      0.0,
      0.5,
      0.0,
      0.0,
      0.0,
      0.0,
      1.0,
      1.0,
      0.0,
      0.0,
      0.0,
      0.3333333333333333,
      0.0,
      0.0,
      0.0,
      0.0,
      0.0,
      0.0,
      0.3333333333333333,
      1.0,
      0.0,
      0.0,
      0.5
    ],
    "n_queries": 104
  },
  "knowledge_absorption": {
    "exact_match": 0.00833750208437552,
    "mean_f1": 0.10367920713802187,
    "contains": 0.022177755544438887,
    "fact_mean_f1": 0.09491996645441264,
    "fact_worst_f1": 0.061025288291874015,
    "contains_any_phrasing": 0.03166666666666667,
    "contains_all_phrasings": 0.007333333333333333,
    "n_facts": 3000,
    "n_probes": 5997
  },
  "locality": {
    "same_entity": {
      "exact_match": 0.0,
      "contains": 0.005494505494505495,
      "f1": 0.027149495364075987,
      "n": 182,
      "accuracy": 0.027149495364075987
    },
    "other_sector": {
      "exact_match": 0.002201430930104568,
      "contains": 0.026417171161254815,
      "f1": 0.026291158028504746,
      "n": 1817,
      "accuracy": 0.026291158028504746
    },
    "same_sector": {
      "exact_match": 0.0,
      "contains": 0.0,
      "f1": 0.0,
      "n": 1,
      "accuracy": 0.0
    },
    "overall": {
      "exact_match": 0.002,
      "contains": 0.0245,
      "f1": 0.026356121147027477,
      "n": 2000,
      "accuracy": 0.026356121147027477
    }
  }
}