{
  "task_preservation": {
    "mean": 0.2612179487179487,
    "std": 0.3571345653916765,
    "per_query": [
      0.0,
      1.0,
      0.0,
      0.0,
      1.0,
      0.3333333333333333,
      0.0,
      0.3333333333333333,
      0.0,
      0.5,
      0.0,
      0.0,
      0.5,
      0.0,
      0.3333333333333333,
      0.6666666666666666,
      0.3333333333333333,
      0.0,
      0.6666666666666666,
      0.3333333333333333,
      0.0,
      1.0,
      0.0,
      0.0,
      0.0,
      0.3333333333333333,
      0.0,
      0.0,
      0.0,
      0.0,
      0.6666666666666666,
      0.0,
      0.6666666666666666,
      0.0,
      0.0,
      0.5,
      0.0,
      0.0,
      0.0,
      0.5,
      0.0,
      0.0,
      1.0,
      0.5,
      0.0,
      1.0,
      0.0,
      0.0,
      1.0,
      0.3333333333333333,
      0.5,
      0.5,
      0.0,
      1.0,
      0.5,
      0.0,
      0.3333333333333333,
      0.0,
      0.0,
      0.0,
      0.5,
      0.0,
      0.5,
      0.3333333333333333,
      0.0,
      0.0,
      0.0,
      1.0,
      0.0,
      0.0,
      0.5,
      0.0,
      0.0,
      0.0,
      0.0,
      0.0,
      1.0,
      0.0,
      1.0,
      0.0,
      0.3333333333333333,
      0.0,
      0.0,
      0.0,
      0.0,
      0.0,
      0.0,
      0.0,
      1.0,
      1.0,
      0.0,
      0.0,
      0.3333333333333333,
      0.5,
      0.0,
      0.0,
      0.3333333333333333,
      0.0,
      0.0,
      1.0,
      1.0,
      0.0,
      0.0,
      0.5
    ],
    "n_queries": 104
  },
  "knowledge_absorption": {
    "exact_match": 0.3055555555555556,
    "mean_f1": 0.40985244413274724,
    "contains": 0.30808080808080807,
    "fact_mean_f1": 0.48396924834424854,
    "fact_worst_f1": 0.3660633949383949,
    "contains_any_phrasing": 0.45,
    "contains_all_phrasings": 0.23,
    "n_facts": 200,
    "n_probes": 396
  },
  "locality": {
    "same_entity": {
      "exact_match": 0.0,
      "contains": 0.0,
      "f1": 0.09394197521217558,
      "n": 182,
      "accuracy": 0.09394197521217558
    },
    "other_sector": {
      "exact_match": 0.014309301045679693,
      "contains": 0.022564667033571822,
      "f1": 0.09923083108274243,
      "n": 1817,
      "accuracy": 0.09923083108274243
    },
    "same_sector": {
      "exact_match": 0.0,
      "contains": 0.0,
      "f1": 0.0,
      "n": 1,
      "accuracy": 0.0
    },
    "overall": {
      "exact_match": 0.013,
      "contains": 0.0205,
      "f1": 0.09869992978297946,
      "n": 2000,
      "accuracy": 0.09869992978297946
    }
  }
}