{
  "task_preservation": {
    "mean": 0.1939102564102564,
    "std": 0.32118119413729007,
    "per_query": [
      0.0,
      0.6666666666666666,
      0.0,
      0.0,
      0.0,
      0.3333333333333333,
      0.0,
      0.0,
      0.0,
      0.5,
      0.0,
      0.0,
      0.0,
      0.0,
      1.0,
      0.3333333333333333,
      0.0,
      0.0,
      0.6666666666666666,
      0.3333333333333333,
      0.0,
      1.0,
      0.0,
      0.0,
      0.0,
      0.3333333333333333,
      0.0,
      0.0,
      0.0,
      0.0,
      0.6666666666666666,
      0.3333333333333333,
      0.3333333333333333,
      0.0,
      0.0,
      1.0,
      0.0,
      0.0,
      0.0,
      0.5,
      0.0,
      0.0,
      1.0,
      0.0,
      0.0,
      1.0,
      0.0,
      0.0,
      1.0,
      0.3333333333333333,
      0.0,
      0.0,
      0.0,
      0.0,
      0.5,
      0.0,
      0.0,
      0.0,
      0.0,
      0.0,
      0.5,
      0.0,
      0.0,
      0.3333333333333333,
      0.0,
      0.0,
      0.0,
      1.0,
      0.0,
      0.0,
      0.5,
      0.0,
      0.0,
      0.0,
      0.0,
      0.0,
      0.0,
      0.0,
      1.0,
      0.0,
      0.3333333333333333,
      0.3333333333333333,
      0.0,
      0.0,
      0.3333333333333333,
      0.0,
      0.0,
      0.0,
      1.0,
      0.0,
      0.3333333333333333,
      0.0,
      0.3333333333333333,
      0.5,
      0.0,
      0.0,
      0.0,
      0.0,
      0.0,
      0.3333333333333333,
      1.0,
      0.0,
      0.0,
      0.5
    ],
    "n_queries": 104
  },
  "knowledge_absorption": {
    "exact_match": 0.028132992327365727,
    "mean_f1": 0.07986323617279359,
    "contains": 0.03580562659846547,
    "fact_mean_f1": 0.07292717820844138,
    "fact_worst_f1": 0.054991120620423016,
    "contains_any_phrasing": 0.03,
    "contains_all_phrasings": 0.025,
    "n_facts": 200,
    "n_probes": 391
  },
  "locality": {
    "same_entity": {
      "exact_match": 0.0,
      "contains": 0.005494505494505495,
      "f1": 0.03296990594849611,
      "n": 182,
      "accuracy": 0.03296990594849611
    },
    "other_sector": {
      "exact_match": 0.006053935057787562,
      "contains": 0.02531645569620253,
      "f1": 0.0312871405518702,
      "n": 1817,
      "accuracy": 0.0312871405518702
    },
    "same_sector": {
      "exact_match": 0.0,
      "contains": 0.0,
      "f1": 0.0,
      "n": 1,
      "accuracy": 0.0
    },
    "overall": {
      "exact_match": 0.0055,
      "contains": 0.0235,
      "f1": 0.03142462863268722,
      "n": 2000,
      "accuracy": 0.03142462863268722
    }
  }
}