{
  "task_preservation": {
    "mean": 0.1955128205128205,
    "std": 0.31218343597776343,
    "per_query": [
      0.0,
      0.3333333333333333,
      0.0,
      0.0,
      0.0,
      0.3333333333333333,
      0.0,
      0.3333333333333333,
      0.0,
      0.5,
      0.0,
      0.0,
      0.5,
      0.0,
      0.6666666666666666,
      0.3333333333333333,
      0.0,
      0.0,
      0.6666666666666666,
      0.3333333333333333,
      0.0,
      1.0,
      0.0,
      0.0,
      0.0,
      0.3333333333333333,
      0.0,
      0.0,
      0.0,
      0.0,
      0.3333333333333333,
      0.3333333333333333,
      0.3333333333333333,
      0.0,
      0.0,
      1.0,
      0.0,
      0.0,
      0.3333333333333333,
      0.0,
      0.0,
      0.0,
      1.0,
      0.0,
      0.0,
      1.0,
      0.0,
      0.0,
      1.0,
      0.3333333333333333,
      0.0,
      0.0,
      0.0,
      0.0,
      0.0,
      0.0,
      0.0,
      0.0,
      0.0,
      0.0,
      0.5,
      0.0,
      0.5,
      0.3333333333333333,
      0.0,
      1.0,
      0.0,
      1.0,
      0.0,
      0.0,
      0.5,
      0.0,
      0.0,
      0.0,
      0.0,
      0.5,
      0.0,
      0.0,
      0.0,
      0.0,
      0.3333333333333333,
      0.6666666666666666,
      0.0,
      0.0,
      0.0,
      0.0,
      0.0,
      0.0,
      1.0,
      0.0,
      0.3333333333333333,
      0.0,
      0.3333333333333333,
      0.5,
      0.0,
      0.0,
      0.0,
      0.0,
      0.0,
      0.3333333333333333,
      1.0,
      0.0,
      0.0,
      0.5
    ],
    "n_queries": 104
  },
  "knowledge_absorption": {
    "exact_match": 0.009685230024213076,
    "mean_f1": 0.0646538983514069,
    "contains": 0.01937046004842615,
    "fact_mean_f1": 0.06370165812034666,
    "fact_worst_f1": 0.046477892688247875,
    "contains_any_phrasing": 0.025,
    "contains_all_phrasings": 0.015,
    "n_facts": 200,
    "n_probes": 413
  },
  "locality": {
    "same_entity": {
      "exact_match": 0.0,
      "contains": 0.005494505494505495,
      "f1": 0.02417194584119422,
      "n": 182,
      "accuracy": 0.02417194584119422
    },
    "other_sector": {
      "exact_match": 0.006604292790313704,
      "contains": 0.02806824435883324,
      "f1": 0.03365216774865076,
      "n": 1817,
      "accuracy": 0.03365216774865076
    },
    "same_sector": {
      "exact_match": 0.0,
      "contains": 0.0,
      "f1": 0.15384615384615385,
      "n": 1,
      "accuracy": 0.15384615384615385
    },
    "overall": {
      "exact_match": 0.006,
      "contains": 0.026,
      "f1": 0.03284956454812098,
      "n": 2000,
      "accuracy": 0.03284956454812098
    }
  }
}